mint,status,mint_auth_live,freeze_auth_live,top1_pct,top10_pct,total_holders,lp_providers,liquidity_usd,creator_tokens,insiders_detected,launchpad,rugged,score,risks
FLrgwxXaX8q8ECF18weDf3PLAYorXST5orpY34d8jfbm,ok,0,0,47.6651,63.7457,14822,3,16183.07,,0,unknown,0,1,
AUwugnCh1tFc5scRHLNqnHjfcRbHRsq7yrKFUe7Ysmgs,ok,0,0,63.8385,84.4154,7484,4,5045.78,,0,unknown,0,407,Low Liquidity|Mutable metadata
GyuP7chtXSRB6erApifBxFvuTtz94x3zQo3JdWofBTgy,ok,0,0,12.6763,34.0689,2813,1,12940.68,,0,unknown,0,50101,Mint Authority still enabled|Mutable metadata
6iFUKWGDksVvmnSYJUGYnsu168xstni8xJkTF7QrpPAu,ok,0,0,47.3577,69.4299,12002,0,79623.83,,0,unknown,0,1,
BQ74oddoJCJKz9W4QaDzLFh1JvLbmXRCvdaC65P7anex,ok,0,0,69.9831,82.5033,5894,0,4688.95,,0,unknown,0,380,Low Liquidity
B4cYZYVYeHgLc3W1pCduCYkoS75G6roPaPdPoBCFweNJ,ok,0,0,63.9602,74.3739,11441,2,30850.99,,0,unknown,0,1,
GPyzPHuFFGvN4yWWixt6TYUtDG49gfMdFFi2iniTmCkh,ok,0,0,14.5667,33.477,37137,20,4074.43,,0,unknown,0,11880,Large Amount of LP Unlocked|Low Liquidity|Mutable metadata
2fUFhZyd47Mapv9wcfXh5gnQwFXtqcYu9xAN4THBpump,ok,0,0,17.7166,37.0597,89269,10,481838.58,,1,unknown,0,1,
HJ39rRZ6ys22KdB3USxDgNsL7RKiQmsC3yL8AS3Suuku,ok,0,0,18.5826,34.2159,25034,4,62640.0,,0,unknown,0,1,
7njsg9BA1xvXX9DNpe5fERHK4zb7MbCHKZ6zsx5k3adr,ok,0,0,24.9367,52.024,17791,14,11925.84,,0,unknown,0,1,
FbJpd8yhrGGkWVL1Ujf7qFvTw4uD4675k8CYk82LEKvZ,ok,0,0,54.0877,78.9231,12033,1,12587.73,,0,unknown,0,1,
32h846XXTSWGUaaKHMC5b2e39n1nwJD6UtDBppX5p4E9,ok,0,0,57.5138,74.716,17680,10,12865.62,,0,unknown,0,1,
SarosY6Vscao718M4A778z4CGtvcwcGef5M9MEH1LGL,ok,0,0,59.4724,85.8581,46073,0,244.27,,1,unknown,0,18878,Top 10 holders high ownership|Single holder ownership|Low Liquidity|High ownership|Mutable metadata
7ABhUfzLKT7acJ9rFRZJUBvcqYfCfHLakTvZM75kAVPS,ok,0,0,82.1684,94.227,3186,0,3324.6,,0,unknown,0,1541,Low Liquidity
6ep1sNB9UWni3nBZUX84USsRBhKRzMAxEmcia479cWTh,ok,1,0,75.6034,95.932,2771,0,0,,0,unknown,0,72313,Mint Authority still enabled|Top 10 holders high ownership|Single holder ownership|Low Liquidity|High ownership|Missing file metadata|Mutable metadata
NFTUkR4u7wKxy9QLaX2TGvd9oZSWoMo4jqSJqdMb7Nk,ok,0,0,13.1164,55.8592,44872,20,57904.67,,1,unknown,0,601,Missing file metadata|Mutable metadata
HrqgFZipMFHXvN5nKvTUaCwuA3Tp2UGqcQzArRGAyQ22,ok,0,0,63.7885,84.1615,7776,0,10600.75,,0,unknown,0,1,
CRYPTi2V87Tu6aLc9gSwXM1wSLc6rjZh3TGC4GDRCecq,ok,0,0,73.6569,85.5513,1577,6,1357.58,,0,unknown,0,52325,Mint Authority still enabled|Low Liquidity|Mutable metadata
D1YaKkQRaQQg6sPUtDiWyskppzfgMV51ovcagVU436TX,ok,0,0,82.6245,92.6999,8117,2,215444.58,,0,unknown,0,101,Mutable metadata
6vUQsePjhpH67Db6p7Koj1wQsQP1UtovBkWXSrC1DkaA,ok,0,0,68.8552,79.6212,13539,1,9857.33,,0,unknown,0,1,
LMDAmLNduiDmSiMxgae1gW7ubArfEGdAfTpKohqE5gn,ok,0,0,15.9154,46.2087,4429,0,22422.95,,0,unknown,0,13710,Large Amount of LP Unlocked|Low Liquidity|Mutable metadata
DAt9V3J3Cv959NRVmoENNfrqhTB68g2B6ovU6r9tajrG,ok,0,0,80.2598,90.175,1494,1,5307.16,,0,unknown,0,291,Low Liquidity
6bE23pRia6rvShfBhkFiWF5fRPWXyG6EYvoMvvLss91p,ok,0,0,62.7563,76.4924,4786,2,13444.95,,0,unknown,0,1,
6CNHDCzD5RkvBWxxyokQQNQPjFWgoHF94D7BmC73X6ZK,ok,0,0,9.1832,34.1089,53819,19,2823.11,,0,unknown,0,1465,Low Liquidity
5Wd2ALxQfnpgQKCyH4WL9giBiiuuLuJs84CJxfQccvmN,ok,0,0,37.1011,52.3638,26282,2,94353.92,,1,unknown,0,1,
CdkXjsEokNWMabBn2HCrPcXNmSDE59QKtseLh1j9tEwd,ok,0,0,76.3857,94.5653,762,0,2436.43,,0,unknown,0,2276,Low Liquidity|Mutable metadata
V7ntWk4D9Frwaec2CUjMRMMsJG28Cd31HxDKNdP1qjM,ok,0,0,34.5188,58.3995,2571,0,401.1,,0,unknown,0,2905,Low Liquidity|Mutable metadata
DxRbkqB2cEqa4rnXJwq4z3GuksgpL2U27PWBw8QBcNv2,ok,0,0,96.182,99.3435,289,4,3788.32,,0,unknown,0,61983,Mint Authority still enabled|Large Amount of LP Unlocked|Low Liquidity|Mutable metadata|Low amount of LP Providers
HUBsveNpjo5pWqNkH57QzxjQASdTVXcSK7bVKTSZtcSX,ok,1,0,30.5413,80.4075,40137,0,1602.03,,0,unknown,0,62170,Mint Authority still enabled|Top 10 holders high ownership|Single holder ownership|Low Liquidity|Mutable metadata
FfhArvgv8WB7eZ6qwENMouJRzcVpQVDoDtTuHrCk4Cxi,ok,0,0,70.9858,88.7266,1169,0,1559.24,,0,unknown,0,2474,Low Liquidity
6yNcxrS1Fd6Ut3c3bTuJKQLG9xzpbMZCBqTahvpeAXjk,ok,0,0,62.2583,81.9513,1500,0,2102.96,,0,unknown,0,1799,Low Liquidity
EBPpUYEGsmVGG291MXoXmwucqw6nR9dEUEfK5LJdeuve,ok,0,0,78.9921,95.8354,1058,0,4267.63,,0,unknown,0,664,Low Liquidity
FU1q8vJpZNUrmqsciSjp8bAKKidGsLmouB8CBdf8TKQv,ok,0,0,28.1527,57.4343,115935,5,228603.13,,0,unknown,0,101,Mutable metadata
4jE4VuqFWZfmSXjTDD5KUoN2qkVu96nPTPj4mhs5PA1W,ok,0,0,39.3485,83.4669,1327,4,1462.35,,0,unknown,0,7326,Single holder ownership|Low Liquidity|High holder concentration
62mALBEzUQWS3r8EzjnX1C2ricdTy9hkv8gs7mLtpump,ok,0,0,86.2043,94.9303,8088,0,15733.79,,0,unknown,0,1,
6U48jtR53ZK3E1MozLrpwJDTrtj74uuFhMGNzGY18YPu,ok,0,0,44.5241,61.6987,7422,5,12637.39,,1,unknown,0,1,
Fi5GayacZzUrfaCRCJtBz2vSYkGF56xjgCceZx5SbXwq,ok,0,0,19.3786,61.5377,1763,0,35.18,,0,unknown,0,65213,Mint Authority still enabled|Large Amount of LP Unlocked|Low Liquidity|High holder concentration|Mutable metadata
Cx9oLynYgC3RrgXzin7U417hNY9D6YB1eMGw4ZMbWJgw,ok,0,0,33.28,53.9022,211022,15,9467.22,,0,unknown,0,501,Missing file metadata
53ctv3wwFXQbXruKWsbQcCe7sefowyu96pXK6FRLTjfv,ok,0,0,54.9945,75.0324,8845,1,11530.08,,1,unknown,0,331,Low Liquidity|Mutable metadata
4VC7UYqBo9Siw8ZnkPXfw9D3dzYCiVrPDzs9XRtyRJMH,ok,0,0,75.0863,88.3998,18507,4,34122.98,,0,unknown,0,1,
EjmDTt8G3T725eFSV7oWmGD8J848guo3LZ1EB3RfwGSw,ok,0,0,24.8154,40.6022,19514,1,29604.74,,0,unknown,0,1,
7ay4X2zcHQRSSZd8NtzNwxqzLtwxoCCRnH2daWn3pump,ok,0,0,71.6451,89.4168,2366,0,7741.76,,0,unknown,0,1,
FeKmTunVrXDKEoDJbuTwZi8vfFFw3MHzpPB79JD8ARYU,ok,0,0,27.3558,49.2215,11884,1,32539.59,,1,unknown,0,1,
8x9c5qa4nvakKo5wHPbPa5xvTVMKmS26w4DRpCQLCLk3,ok,0,0,38.0428,74.2865,6201,9,10906.04,,0,unknown,0,101,Mutable metadata
4riQPy1yXQ2d1FfzgLy9eJy6yoUdZuQkMj7JsVKr4bGu,ok,0,0,78.7017,86.2028,2586,0,4334.1,,0,unknown,0,1293,Low Liquidity|Mutable metadata
xN9Qd63mUYg7npanmdksmcqp3NQjTcGFQPTyq2F1TQC,ok,0,0,68.279,77.2806,3220,0,22436.07,,1,unknown,0,1,
8shTEDxbwvM2C9ELXNHsh8pmkoWovzJ3xgazQFWFapMx,ok,0,0,78.6008,86.1316,3460,0,6584.48,,1,unknown,0,1,
BANXbTpN8U2cU41FjPxe2Ti37PiT5cCxLUKDQZuJeMMR,ok,0,0,22.2979,56.3004,15859,0,1039.88,,1,unknown,0,6096,Low Liquidity|Single holder ownership|High holder concentration|Mutable metadata
Uiupt55owCqBJdunYQxyYf48KRMU4F53xQAyf31dpzx,ok,0,0,47.937,64.2656,9685,0,37096.17,,0,unknown,0,1,
FabjHjc1druUQoHVtudpNiCpnf73rtLzMkRM1b5NSbb6,ok,0,0,61.9099,75.9552,5470,1,11904.73,,0,unknown,0,1,
5BKTP1cWao5dhr8tkKcfPW9mWkKtuheMEAU6nih2jSX,ok,0,0,48.1639,69.9666,28900,0,63504.07,,1,unknown,0,1,
Cd35Zsee8atgY14q47mgN4N7xa2VpJG57ygtAXL7pump,ok,0,0,91.4138,95.2946,2064,0,6090.54,,0,unknown,0,266,Low Liquidity
6bPFbxgpsFZg6WDruj7vrodq4GY7K7TmqUnAm1byu3PW,ok,0,0,73.4419,88.7275,3658,0,2885.39,,0,unknown,0,1450,Low Liquidity|Mutable metadata
7x4FgiFfeqzs1tiUNvJzpt47GtLXAJ8Jfn8G1Hyyu6JH,ok,0,0,69.7059,82.1641,10913,1,23710.22,,0,unknown,0,1,
6NbnHQKD2dh4jswTLmMCP7LnSh4Nh6y2cNgdQg2ny9zW,ok,1,0,15.8246,56.1275,2469,0,4.09,,0,unknown,0,54660,Mint Authority still enabled|Low Liquidity|High holder concentration|Missing file metadata|Mutable metadata
FkCaFsprX7gySagFoQPHNbe9MRkjrvh21cokJo6C1e2T,ok,0,0,93.5983,97.6307,1027,1,31991.71,,0,unknown,0,1,
E4Q5pLaEiejwEQHcM9GeYSQfMyGy8DJ4bPWgeYthn24v,ok,0,0,35.9385,50.6761,28997,3,72447.63,,0,unknown,0,101,Mutable metadata
6dKCoWjpj5MFU5gWDEFdpUUeBasBLK3wLEwhUzQPAa1e,ok,1,0,3.7188,21.4075,27479,0,32324.4,,0,unknown,0,50201,Mint Authority still enabled|Mutable metadata|Name Mismatch
H7bTHGb5Cvo5fGe5jBDNDPUv8KykQnzyZA3qZ8sH7yxw,ok,0,0,35.2808,58.3975,151409,12,145330.99,,0,unknown,0,101,Mutable metadata
drakduQWnTS89CdTUdgHmZzEkN6reBLYqrk8rzVhU53,ok,0,0,15.4603,46.5817,58352,0,928.08,,0,unknown,0,3008,Low Liquidity|Mutable metadata
jupSoLaHXQiZZTSfEWMTRRgpnyFm8f6sZdosWBjx93v,ok,1,0,50.5552,70.081,142363,54,8872321.32,,0,unknown,0,50101,Mint Authority still enabled|Mutable metadata
8odnqwCqNVQ4UrYmYgkWPuedBr3yEMWY2ZBhtNW7jrCu,ok,0,0,78.0507,88.8998,3475,2,8521.45,,0,unknown,0,101,Mutable metadata
8wXtPeU6557ETkp9WHFY1n1EcU6NxDvbAggHGsMYiHsB,ok,0,0,18.0441,33.7323,197285,33,1180066.95,,1,unknown,0,1,
GtMtXoJiqSf8Gfp83cuunnDTiJTeTmv7cniVtJ6UAMWH,ok,1,0,19.3469,59.9007,4907,1,1648.74,,0,unknown,0,63241,Mint Authority still enabled|Large Amount of LP Unlocked|Low Liquidity|Mutable metadata
6ogzHhzdrQr9Pgv6hZ2MNze7UrzBMAFyBBWUYp1Fhitx,ok,0,0,10.2108,22.9855,129293,32,450002.33,,0,unknown,0,1,
DxtssVdyYe4wWE5f5zEgx2NqtDFbVL3ABGY62WCycHWg,ok,0,0,24.2191,40.2661,59056,9,70863.62,,1,unknown,0,101,Mutable metadata
D5oCx51J1hgwGAaaWgn4aKqU8TvbaTDx3NtNUdkKrGgq,ok,0,0,89.2301,94.2383,2094,0,3294.85,,0,unknown,0,1177,Low Liquidity
BpFmEt9efz3ekb7g35DuWiywX3o9nfsRANX76D1g6fNk,ok,0,0,52.7812,91.4947,1764,1,20981.42,,0,unknown,0,10352,Large Amount of LP Unlocked|Low amount of LP Providers
UPTx1d24aBWuRgwxVnFmX4gNraj3QGFzL3QqBgxtWQG,ok,0,0,42.8323,91.3613,195774,61,192669.8,,0,unknown,0,22561,Top 10 holders high ownership|Single holder ownership|Single holder ownership|High ownership|Mutable metadata
6h4ZKWqb9dDW8jaB4d76LNfP8PoRgiSvQLBHnkuih1Ty,ok,0,0,67.4397,83.3055,5697,0,9762.34,,0,unknown,0,1,
Ho2FQgg65oM1zpYuEnC8fULpBnWtqRCTrXRP56AeyCci,ok,0,0,38.9673,55.7589,7989,4,15234.74,,1,unknown,0,101,Mutable metadata
7zBbQAPGgoKvqcK74Yua8qGwEkEjAZxUPb5m3kKvvHyF,ok,0,0,35.3929,71.2399,7035,2,9186.21,,0,unknown,0,101,Mutable metadata
APkM2bqzpwQaiv5BY2eA7vR7DEB1EX5MMf6JNcBCHYrC,ok,0,0,79.1317,91.3461,4282,0,5602.63,,0,unknown,0,1,
FPymkKgpg1sLFbVao4JMk4ip8xb8C8uKqfMdARMobHaw,ok,0,0,86.2794,93.983,1373,1,5918.54,,0,unknown,0,350,Fee config enabled|Mutable metadata|Low Liquidity
HZ1JovNiVvGrGNiiYvEozEVgZ58xaU3RKwX8eACQBCt3,ok,0,0,12.7219,46.763,962733,58,189235.95,,1,unknown,0,101,Mutable metadata
3KroURETdWLyFReapbdh6nTWQgS7Y6rorLY8jb1pJXoM,ok,0,0,30.081,60.099,12644,2,25812.33,,0,unknown,0,1,
WHYoaBumcmxCqw38y2mjs4cVkCBgwiDizbMVvcejmGT,ok,0,0,62.7603,79.5106,3112,0,1190.48,,0,unknown,0,2411,Low Liquidity
9xYeZDHEwyuqJmqrTourbFRaxN2qhkYesnz3iQ3FPz4r,ok,0,0,76.5637,93.0225,3088,0,723.72,,0,unknown,0,2580,Low Liquidity
6XfB1VVAxjtfKnF1kotGxLUq4p87xTDp3cCyC6Q2VHNG,ok,0,0,51.1323,68.5986,8575,1,2377.97,,1,unknown,0,1911,Low Liquidity|Mutable metadata
6KnsFQzCrY1VdD9Qub1ZhRcFSnzQRqhMpT2Xn4X5P2cj,ok,0,0,57.5233,77.0661,767,0,0.0,,0,unknown,0,78158,Mint Authority still enabled|Large Amount of LP Unlocked|Top 10 holders high ownership|Single holder ownership|Low Liquidity|Low amount of LP Providers|Mutable metadata
CYobWQ73DYiyERWcvgLkYMSzkXn5Vy18JKxidjeqM6oy,ok,0,0,87.6032,92.877,6119,0,8173.82,,0,unknown,0,244,Low Liquidity
9AGm8DWXiB4PwvH1V2r31ChsTE2f2TDySvDbfJmfaMBq,ok,0,0,99.9722,99.9959,243,0,10.47,,0,unknown,0,24689,Top 10 holders high ownership|Single holder ownership|Low Liquidity|High ownership|Mutable metadata
ChanGGuDHboPswpTmKDfsTVGQL96VHhmvpwrE4UjWssd,ok,0,0,51.1327,97.3982,13234,2,139103.13,,0,unknown,0,1,
52DfsNknorxogkjqecCTT3Vk2pUwZ3eMnsYKVm4z3yWy,ok,0,0,50.2026,72.326,9204,3,12266.26,,0,unknown,0,1,
65nTNuJGHme4PQvKQyJykKp1bJAkK4A8Q66sd2yBWugf,ok,0,0,20.838,34.1279,52451,13,140898.67,,1,unknown,0,1,
HxRELUQfvvjToVbacjr9YECdfQMUqGgPYB68jVDYxkbr,ok,0,1,41.2844,75.7353,9508,1,3231.96,,0,unknown,0,26889,Freeze Authority still enabled|Low Liquidity|Missing file metadata
HezGWsxSVMqEZy7HJf7TtXzQRLiDruYsheYWqoUVnWQo,ok,0,0,24.029,70.4798,2856,0,343.4,,0,unknown,0,23469,Large Amount of LP Unlocked|Top 10 holders high ownership|Low Liquidity|Single holder ownership|Mutable metadata
7m2TUkpPZCScBhPJnGjWjbh75KkDNnwAdd7i74m8awad,ok,0,0,5.7815,38.8739,20369,1,383668.44,,0,unknown,0,1,
A2GHnfpZvyeZX5Pr63jdMmo9uYbpaaKqHHuPD5xD2n6v,ok,0,0,61.6849,81.8557,11226,10,65179.39,,0,unknown,0,1,
F8qtcT3qnwQ24CHksuRrSELtm5k9ob8j64xAzj3JjsMs,ok,0,0,68.5085,75.9171,16122,1,19675.21,,0,unknown,0,101,Mutable metadata
D8F1FvrUhwg8WBjMqABopFYo13WwymGnVhsL3d7dRexP,ok,0,0,76.1038,99.6863,5533,0,170578.78,,0,unknown,0,101,Mutable metadata
BqVHWpwUDgMik5gbTciFfozadpE2oZth5bxCDrgbDt52,ok,0,0,4.4237,24.5877,13936,3,23087.29,,0,unknown,0,1601,Symbol Mismatch|Mutable metadata
imsoru6juztJ4pTJvPQaTnY766uEmCVc4AQJ8V1Yuvs,ok,0,0,12.3522,35.02,4539,0,1071.99,,0,unknown,0,13454,Large Amount of LP Unlocked|Low Liquidity
82Rc22mnyHrmBGwj15rhYhFzVrU3bgFkjNtV3iHjpump,ok,0,0,48.9126,68.6867,15278,0,38637.55,,0,unknown,0,1,
9TPL8droGJ7jThsq4momaoz6uhTcvX2SeMqipoPmNa8R,ok,1,1,69.1122,92.8708,3747,0,17170444.0,,0,unknown,0,91468,Mint Authority still enabled|Freeze Authority still enabled|Top 10 holders high ownership|Single holder ownership|High ownership|Mutable metadata
2WUecdL1GQA6pwQs7sMsCf2shEfZxWK2RaNHkthmLtmK,ok,0,0,30.2947,82.939,2263,12,4563.62,,0,unknown,0,3620,Single holder ownership|Low Liquidity|Mutable metadata
2Ey5sa3XTtjaR6KGaVmX48MUtUAmrBT14JeWjQWJcc4h,ok,0,0,77.4435,86.4159,3074,0,6829.91,,0,unknown,0,1,
BKykA4H1s4717FhBGFhDXkKF4UzvvsWB4uxqHBWX8FUU,ok,0,0,83.2163,90.4807,2203,0,4202.87,,0,unknown,0,589,Low Liquidity
2XPqoKfJitk8YcMDGBKy7CMzRRyF2X9PniZeCykDUZev,ok,0,0,23.9177,47.1905,22575,1,68973.29,,0,unknown,0,1,
ox698TZsZAN2miNQj1FQb48A58FZ546c4sWqq9Y9vmU,ok,0,0,52.0219,73.8718,3585,0,8029.76,,0,unknown,0,1,
EtBc6gkCvsB9c6f5wSbwG8wPjRqXMB5euptK6bqG1R4X,ok,0,0,52.3215,65.8808,18705,0,15292.14,,1,unknown,0,101,Mutable metadata
DATiwd3NsbaRArGvmaFcFpc9jF8qciN7Fj4jRHAFUHFA,ok,0,0,54.247,88.815,2505,0,19859.31,,0,unknown,0,2401,High holder correlation|Mutable metadata
8W4qpyLx74vwBRewa3rVEPPVMnJ8VWMkCTWCTSYPQTDu,ok,0,0,32.4625,75.4736,3028,0,22052.03,,0,unknown,0,101,Mutable metadata
FdGoS1Dok5CLnS8fVSmj5A92uY1yhzdTC2ZxuLJdkwgs,ok,0,0,44.404,73.7455,8656,1,6108.43,,0,unknown,0,101,Mutable metadata
Dr9s6hHSrSDom1zhwtJ7vp3RsJ3AX2y7ja2ZYEHQiC7f,ok,0,0,89.344,95.9082,1746,0,5907.37,,0,unknown,0,334,Low Liquidity
M9i5xQz8Z2Ua3VHuBkjBSkP5HYwdetu7N9RP5VUsW4z,ok,0,0,33.434,78.2751,6751,1,13093.35,,0,unknown,0,3344,Single holder ownership
GtDZKAqvMZMnti46ZewMiXCa4oXF4bZxwQPoKzXPFxZn,ok,0,0,10.626,29.0908,108641,10,1172993.49,,0,unknown,0,1,
AkVt31h8vgji5wF4nVbq1QmBV5wBoe8JdSoDTkDhQwEw,ok,0,0,27.7252,46.7719,11570,1,30255.88,,0,unknown,0,1,
E5ZVeBMazQAYq4UEiSNRLxfMeRds9SKL31yPan7j5GJK,ok,0,0,38.3543,68.5663,5527,5,50090.45,,1,unknown,0,5030,Single holder ownership|High holder concentration|Mutable metadata
FbUy1NubUtCfoif7TAr6wAtJVJFapYUVWxRGmUwvKNyS,ok,0,0,17.3457,89.0301,601,0,237.1,,0,unknown,0,20569,Large Amount of LP Unlocked|Top 10 holders high ownership|Low Liquidity|Mutable metadata
9M26M7CxkJdaewdiH8v5kSiiXKbWBBirTE1QmXHmDvVg,ok,0,0,65.6808,81.4277,7727,0,16749.45,,1,unknown,0,1,
2emYMetySwE7Xh6qrG1AwAQ3TDvrLkUSpSZ5AjcWCc7B,ok,0,0,65.0089,74.729,37978,4,11303.87,,1,unknown,0,101,Mutable metadata
Bzu1nWVKRFEn7FRumTNrTC4qqxtBaMCMBNY1z7ejpump,ok,0,0,46.8689,80.9015,7532,0,10982.47,,1,unknown,0,1,
GTTS8jkhmfWBdYyKNSgbDQeYqVkpALkP98YJRGbRbvUA,ok,0,0,37.327,69.9267,2509,0,7406.92,,0,unknown,0,200,Mutable metadata|Low Liquidity
G2ShfTkHaPgY1YUqZzB611coeFpbhyGirzgGmyW5fEhV,ok,0,0,75.5779,90.0676,2502,0,5692.31,,1,unknown,0,1,
CvB1ztJvpYQPvdPBePtRzjL4aQidjydtUz61NWgcgQtP,ok,1,0,74.0608,97.3872,3407,0,20523.51,,0,unknown,0,82669,Mint Authority still enabled|Large Amount of LP Unlocked|Top 10 holders high ownership|Single holder ownership|Low Liquidity|High ownership|Mutable metadata
EArkn8uVf8YLfpF2eCdkCvDaPYpQuJzKXxaCnyxXc2P7,ok,0,0,39.8823,57.9701,33973,4,7658.04,,0,unknown,0,1,
GtLBsmS6Z4FC9gmnCFS2ZzCKmb9vYL3kELnjVmxHurnh,ok,1,1,24.7317,82.3849,709,6,84763.68,,1,unknown,0,87176,Mint Authority still enabled|Freeze Authority still enabled|Large Amount of LP Unlocked|High holder concentration|Mutable metadata
tooLsNYLiVqzg8o4m3L2Uetbn62mvMWRqkog6PQeYKL,ok,1,0,32.3221,54.6433,73207,0,0.0,,0,unknown,0,68878,Mint Authority still enabled|Large Amount of LP Unlocked|Single holder ownership|Low Liquidity|High holder concentration|Low amount of LP Providers|Mutable metadata
GGEMxCsqM74URiXdY46VcaSW73a4yfHfJKrJrUmDVpEF,ok,1,0,97.8996,99.9897,1199,0,5.89,,0,unknown,0,74882,Mint Authority still enabled|Top 10 holders high ownership|Single holder ownership|Low Liquidity|High ownership|Missing file metadata
5qKDWkBejLtRh1UGFV7e58QEkdn2fRyH5ehVXqUYujNW,ok,0,0,81.0118,95.7097,2648,3,10847.26,,0,unknown,0,101,Mutable metadata
24a1k6wSDQUSwoRXJyvkr25kF5do8f6Ddff6A2fTc1pM,ok,0,0,92.8521,96.9648,1502,1,94447.23,,0,unknown,0,101,Mutable metadata
F5WPg7xdZczNg5pynWjPK8TZLT52WmAiT1ZuKRbaLnEM,ok,0,0,72.4337,83.5044,6158,0,10795.24,,0,unknown,0,1,
3ag1Mj9AKz9FAkCQ6gAEhpLSX8B2pUbPdkb9iBsDLZNB,ok,0,0,16.9857,33.9998,40916,9,140881.99,,0,unknown,0,1,
HaP8r3ksG76PhQLTqR8FYBeNiQpejcFbQmiHbg787Ut1,ok,1,0,25.7448,52.8977,80643,0,18741.65,,0,unknown,0,53175,Mint Authority still enabled|Single holder ownership|Missing file metadata|Mutable metadata
JDwzFSxcUvLubUb9xAuuZNvh4bbcEJcuM9TezpmRHVWF,ok,1,0,89.2027,99.2477,6281,2,2738.08,,0,unknown,0,83483,Mint Authority still enabled|Large Amount of LP Unlocked|Top 10 holders high ownership|Single holder ownership|Low Liquidity|High ownership|Missing file metadata|Mutable metadata
8eAUrugF8ToBmkg4CpJjTY9AcPx1UBMdExw2Ju84MCG4,ok,0,0,79.3374,91.2184,8238,0,6399.07,,0,unknown,0,1,
CCRJohp9bfQdhZCvCe7MzUQuXMJkKBi4XCjUq3A2YqN8,ok,0,0,16.9613,82.2672,1221,0,316.7,,0,unknown,0,4033,Low Liquidity|High holder concentration|Mutable metadata
G33s1LiUADEBLzN5jL6ocSXqrT2wsUq9W6nZ8o4k1b4L,ok,0,0,38.5998,60.2287,21123,0,31075.54,,0,unknown,0,1,
2ZZaE2gNQSPZLEFiNzBewgQhj3wGpx4oDzuAawh4DHBB,ok,0,0,73.9131,91.009,2827,0,11713.08,,0,unknown,0,1,
21kbezaCxz9dG2NtXp7pW1hAmtKe6ykiJkeT1EiGXDyY,ok,0,0,37.7766,78.0233,1634,0,1.59,,0,unknown,0,32314,Large Amount of LP Unlocked|Top 10 holders high ownership|Single holder ownership|Single holder ownership|Low Liquidity|Mutable metadata
4pb6mymm9hYQN6og9uF24eyZ2qwXCWCwGvcR1DkCgeEr,ok,0,0,76.3274,85.9451,8535,0,11429.64,,0,unknown,0,1,
31iQsahfa4CMiirU7REygBzuAWg4R4ah7Y4aDu9ZfXJP,ok,0,0,38.1253,56.7642,25346,8,17466.5,,0,unknown,0,1,
C1kzNkFfgdtP8VF1pFYA4S32RLPqk5KPaurCaQJwxfWb,ok,0,0,62.9451,85.3894,9025,0,20881.74,,0,unknown,0,1,
7JhmUcZrrfhyt5nTSu3AfsrUq2L9992a7AhwdSDxdoL2,ok,0,0,68.2533,76.7713,5879,9,6134.83,,0,unknown,0,16752,Top 10 holders high ownership|Single holder ownership|Low Liquidity|Mutable metadata
4YK1njyeCkBuXG6phNtidJWKCbBhB659iwGkUJx98P5Z,ok,0,0,14.9523,32.3496,40381,2,141096.41,,0,unknown,0,101,Mutable metadata
26bedy893CHqi5bcuUFhMgD6uTLw9V9iLWKAQjjDjpEA,ok,0,0,72.6092,83.3456,2228,10,12901.63,,0,unknown,0,101,Mutable metadata
HtpMfWQELCfCCeG6nHQDPfxLPrr2BNkZ2YVa9hKqpump,ok,0,0,84.1872,93.184,7400,0,12787.62,,0,unknown,0,1,
picobAEvs6w7QEknPce34wAE4gknZA9v5tTonnmHYdX,ok,0,0,29.7833,82.4516,35189,0,363.69,,0,unknown,0,56201,Mint Authority still enabled|Low Liquidity|Single holder ownership|High holder concentration|Mutable metadata
GvcNXdSehfNSNyhDVDj27kc459LzFqWozt9CSJywMy6r,ok,0,0,38.013,50.9392,30446,1,44230.18,,0,unknown,0,101,Mutable metadata
DoyVgrZbkAVMbTVGqa9mFNgjThsr337vxjFtEDWQibN7,ok,0,0,70.7344,86.2283,3584,0,3563.54,,0,unknown,0,1194,Low Liquidity
7qnTXCm7ZVMLdqNWzhfSm3RLKk8MrX3dYavB4hqJv5F9,ok,0,0,58.9757,74.1878,13102,0,11750.74,,0,unknown,0,101,Mutable metadata
66Qq2qS67K4L5xQ3xUTinCyxzdPeZQG1R1ipK8jrY7gc,ok,1,1,46.3866,86.1101,4448,0,85.02,,0,unknown,0,110925,Mint Authority still enabled|Freeze Authority still enabled|Large Amount of LP Unlocked|Top 10 holders high ownership|Single holder ownership|Single holder ownership|Low Liquidity|High ownership|Mutab
5HsZR8eG7QpQcN8Mnp8oFdENRkJMP9ZkcKhPSCKTJSWh,ok,0,0,38.1667,63.9995,30794,20,76912.49,,1,unknown,0,7389,Single holder ownership|High holder correlation|High holder concentration|Mutable metadata
53yANribNp1WzRsciY6upAN2VPY85waZEtADTeJhtQGN,ok,0,0,64.8382,85.3927,4572,1,10816.2,,0,unknown,0,1,
7bQsj9DciGXs6cTkhB3D1WbcEjuMpmD7amQRWjEVBpu,ok,0,0,16.0892,46.5826,42035,1,36836.01,,0,unknown,0,101,Mutable metadata
GAbRt1gE7Y5nBhhe95bxE2TaRySm8hMA6syjiUQ7q1Er,ok,1,0,94.2358,99.1267,716,0,128.96,,0,unknown,0,73828,Mint Authority still enabled|Top 10 holders high ownership|Single holder ownership|Low Liquidity|High ownership|Mutable metadata
HKYX2jvwkdjbkbSdirAiQHqTCPQa3jD2DVRkAFHgFXXT,ok,0,0,87.9516,91.3203,31642,4,114116.3,,0,unknown,0,301,Fee config enabled|Mutable metadata
25yPcyqSpSv8T2JWyoKKRiU622Sr7LoMk9S3FmuBFt8S,ok,0,0,81.7325,96.8738,426,0,84.82,,0,unknown,0,83459,Mint Authority still enabled|Large Amount of LP Unlocked|Top 10 holders high ownership|Single holder ownership|Low Liquidity|High ownership|Low amount of LP Providers|Mutable metadata|Name Mismatch
9TVjnzpF3X8DHsfVqYWoCGphJxtGYh1PDCFN5QmsHW5t,ok,0,0,87.2155,99.989,3034,0,0.0,,0,unknown,0,84418,Mint Authority still enabled|Large Amount of LP Unlocked|Top 10 holders high ownership|Single holder ownership|Low Liquidity|High ownership|Mutable metadata
HLwEJQVzs7SvjXuXpBTRHaLp5S6uWoWTUhLjJxBfy1c7,ok,0,0,37.0787,64.2328,13652,0,9725.28,,0,unknown,0,1,
5ritAPtFPqQtEFHcHVqNjR5oFNUJqcmgKtZyPd2AyLLy,ok,0,0,53.44,65.0865,14804,2,9705.48,,0,unknown,0,101,Mutable metadata
J9nsngni1Pavf4ijP4R9QBaD1yEzKzzUQ1vVgcDQT18J,ok,0,0,31.5423,60.7083,7301,1,14129.71,,0,unknown,0,101,Mutable metadata
DcJLACAUR25RujgxBVhZtcWPCTjzSw6YDM8E7oipiT3k,ok,0,0,69.3299,79.5835,2089,0,79.59,,0,unknown,0,29492,Large Amount of LP Unlocked|Top 10 holders high ownership|Single holder ownership|Low Liquidity|Low amount of LP Providers|Mutable metadata
8XVXzmsMMw7ufa8RC21fHcDP6TGti5y3ZidQinnYurqr,ok,0,0,56.793,76.9149,4760,0,11149.02,,0,unknown,0,1,
kiGenopAScF8VF31Zbtx2Hg8qA5ArGqvnVtXb83sotc,ok,0,1,66.3481,80.4312,33834,0,884.9,,0,unknown,0,96892,Mint Authority still enabled|Freeze Authority still enabled|Large Amount of LP Unlocked|Single holder ownership|Low Liquidity|High holder concentration|Mutable metadata
25p2BoNp6qrJH5As6ek6H7Ei495oSkyZd3tGb97sqFmH,ok,0,0,13.844,39.764,8284,1,61335.21,,0,unknown,0,1,
GS1VjXDZmDFsiqzBFYoACgRQBmXYuvdPJ88NQcXxg3qM,ok,0,0,47.9431,72.6244,6033,10,26764.06,,1,unknown,0,1,
BxXmDhM8sTF3QG4foaVM2v1EUvg9DLSVUsDRTjR8tMyS,ok,0,0,43.475,61.6922,20392,2,9754.34,,0,unknown,0,1,
5MBBsoCVddAuF8XixvCcXNbHAw6WfpZ8WyTKMmczxxRN,ok,0,0,16.895,26.9675,37504,2,39201.37,,0,unknown,0,101,Mutable metadata
BULLa6g9e5UCuTXC5Z3Cf7s7CgvJhnJfY71DwipSmF8w,ok,0,0,85.7157,95.018,2912,0,18769.75,,0,unknown,0,1,
6WErZ2aMZYLUyzbP9n5gm4fwHJbv9Ln8yimSQRwZpump,ok,0,0,82.3644,92.4856,3868,0,8588.2,,0,unknown,0,1,
3NZ9JMVBmGAqocybic2c7LQCJScmgsAZ6vQqTDzcqmJh,ok,1,0,59.97,70.1496,252491,50,1985184868356.67,,0,unknown,0,57787,Mint Authority still enabled|Single holder ownership|High holder concentration|Missing file metadata|Mutable metadata
F89doZeeUe9ajcU6gNR1F5RLaQWcJMdPDNSuLuvJUst9,ok,0,0,79.3575,81.706,8326,4,8596.06,,0,unknown,0,1,
5KxnfDmsXVBNkVHYhW4kztV7ZCCCbrkYxBVrqLWF3G7J,ok,0,0,62.3617,74.6992,7157,2,4316.66,,0,unknown,0,858,Low Liquidity
DezXAZ8z7PnrnRJjz3wXBoRgixCa6xjnB7YaB1pPB263,ok,0,0,8.1749,38.5832,2049001,114,1078343.57,,1,unknown,0,101,Mutable metadata
6D7NaB2xsLd7cauWu1wKk6KBsJohJmP2qZH9GEfVi5Ui,ok,0,0,13.9015,40.5394,78143,5,535322.26,,0,unknown,0,1,
PugAiDuaQ5hzicBHAW9qrQQ8qi4B6sh3n7PknKhyjeX,ok,0,0,43.3281,61.1846,18698,0,127.59,,0,unknown,0,19450,Large Amount of LP Unlocked|Single holder ownership|Low Liquidity|High holder concentration|Mutable metadata
2CMxmFb2nsNdw351TfZoawpN1DnDuVrH4Wn6fxH2EJT6,ok,0,0,58.8551,75.9461,6993,0,6164.88,,0,unknown,0,1,
EKCW975DWdt1roK1NVQDf4QGfaGTcQPU5tFD1DMcMe9Q,ok,0,0,61.7876,73.5257,15073,2,9568.13,,0,unknown,0,1,
GaRph5BcLZZ4sRh6EXKS6V7dicVanhcwa5iWEE6AbEYR,ok,0,0,5.5137,32.8897,1508,0,93560.84,,1,unknown,0,1,
Ue4yjkPjA4QGis37eWbBsnqfzyK83BtY4AioDETp3Ab,ok,0,0,72.4823,83.9916,2030,0,843.06,,0,unknown,0,14179,Large Amount of LP Unlocked|Low Liquidity|Low amount of LP Providers|Mutable metadata
BgJW7U1u2RY5XJk9uYb5AqFRzjMtqE7pw3kaf9iw9Ntz,ok,0,0,43.5831,68.2486,26263,2,81098.15,,0,unknown,0,1,
43eeGP8k9AZKBSyd9iahhThNtE3vcZvBWMaHNd2akM5s,ok,0,0,80.554,89.4268,2580,0,5736.5,,0,unknown,0,1,
A2PVd9wmEk9Ek9MFbF6VVBm4UiGYK24TCmE5oR2WDWGH,ok,0,0,71.2337,83.1431,9354,0,15988.09,,0,unknown,0,1,
LUX88ZHPnte7tThA4F2nnXDCZWE3G61TqLBvFw7i8SM,ok,0,0,88.5006,99.9998,413,0,69.84,,0,unknown,0,44946,Large Amount of LP Unlocked|Top 10 holders high ownership|High market cap per holder|Single holder ownership|Low Liquidity|High ownership|Low amount of LP Providers
FcScaNdN3TRPMwcgqHj1E5GuEh1rNesBGVN5WtZuad1z,ok,0,0,43.4073,61.503,11518,1,1999.76,,0,unknown,0,2204,Low Liquidity
GoxLaNFQiqnV97p7aRGP4ghvLZ4GwJN9NUNPpozvJZCV,ok,1,0,58.1039,81.5636,1398,0,175.36,,0,unknown,0,78090,Mint Authority still enabled|Large Amount of LP Unlocked|Top 10 holders high ownership|Single holder ownership|Low Liquidity|Missing file metadata|Mutable metadata
BU7mDyqDEYMwB7gPyAHf7MRXSmT9DNMZn7o3AZavYL1R,ok,0,0,67.6013,82.5029,2351,0,8038.33,,0,unknown,0,1,
GreXYjqvAaEtqBsizrojtwHTNqXraVGZiJpCk5qtj1zC,ok,0,0,70.9189,86.2707,1139,2,1678.29,,0,unknown,0,2161,Low Liquidity|Mutable metadata
F1n2Tn7Eb9jTbSQiqy2Z7G4VTbkreHGQqcRKKmwZv726,ok,0,0,39.0826,85.1973,3413,4,16731.78,,0,unknown,0,12931,Large Amount of LP Unlocked|Single holder ownership
CErSpNnEHUNsNw3AZJhyvekwhMpr9H3W2S71uA3pzJus,ok,0,0,19.3387,57.4337,2196,1,12440.19,,0,unknown,0,101,Mutable metadata
G3ukjeHBrDJ1zUFr6KandnW4bPcjmvK3qL2uATRb3F63,ok,0,0,60.6416,81.103,9156,1,18430.7,,0,unknown,0,1,
G3q2zUkuxDCXMnhdBPujjPHPw9UTMDbXqzcc2UHM3jiy,ok,0,0,39.0276,60.1261,22524,8,19400.17,,1,unknown,0,1,
7ZCm8WBN9aLa3o47SoYctU6iLdj7wkGG5SV2hE5CgtD5,ok,1,0,27.0054,62.3832,27909,2,15064.93,,0,unknown,0,54424,Mint Authority still enabled|Single holder ownership|High holder concentration|Missing file metadata|Mutable metadata
6PPskLwejGjiRbsrdTvPdo8Ayf6rERxvSezcPDA53TAP,ok,0,0,40.9125,63.0613,19548,0,4925.21,,0,unknown,0,524,Low Liquidity
GDfnEsia2WLAW5t8yx2X5j2mkfA74i5kwGdDuZHt7XmG,ok,0,0,68.7272,78.1401,47423,6,31375.55,,1,unknown,0,14734,Top 10 holders high ownership|Single holder ownership
7raHqUrZXAqtxFJ2wcmtpH7SQYLeN9447vD4KhZM7tcP,ok,0,0,35.9596,91.4232,11319,22,25106.19,,0,unknown,0,3403,Single holder ownership|Mutable metadata
J9BcrQfX4p9D1bvLzRNCbMDv8f44a9LFdeqNE4Yk2WMD,ok,1,1,44.7845,97.8245,7842,60,171800.88,,0,unknown,0,99149,Mint Authority still enabled|Freeze Authority still enabled|Top 10 holders high ownership|Single holder ownership|Single holder ownership|High ownership|Mutable metadata
3gxEC9N9SGgoaRiey3AkbynbHcHsdmgrKDQf31zsiJvm,ok,0,0,90.2774,96.9075,1943,0,17387.46,,0,unknown,0,1,
A8eYjpNQF6QYEE7DnM4F514MErFzV1pxVT69d7mdSsMk,ok,0,0,87.0604,92.1558,544,1,3794.19,,0,unknown,0,845,Low Liquidity|Mutable metadata
8HJ81sHVsmJMzm6XBfTgywWQXwQTmVdmXaQHm7htGPH2,ok,0,0,56.7173,73.2922,7818,3,8614.9,,0,unknown,0,1,
BZKuDqzD4rb2puUV2cbSNd2kZzJ5JzKiQKwBzCk8hrLu,ok,0,0,46.8537,66.6653,3206,0,5588.95,,0,unknown,0,315,Low Liquidity|Mutable metadata
4sp2EUDrQf46rZun6sYAWzjrXwUpx2T3njuoKmV766RJ,ok,0,0,14.3677,33.3893,24987,2,65249.57,,0,unknown,0,1,
Bkd4k5nLA6Aq7PHLJUFnWGSyWriyT2fcKbADScaBGwJy,ok,0,0,59.3913,73.6695,1436,0,8260.03,,0,unknown,0,1,
AqEHVh8J2nXH9saV2ciZyYwPpqWFRfD2ffcq5Z8xxqm5,ok,1,0,50.4779,72.1497,13764,0,1390.45,,0,unknown,0,64519,Mint Authority still enabled|Top 10 holders high ownership|Single holder ownership|Low Liquidity|Mutable metadata
8mY8bif63v5vAHYaHPhpob71K4uJsDKXVx7h9h1XmJ6N,ok,0,0,72.7237,86.0358,3433,1,1991.2,,0,unknown,0,2010,Low Liquidity
7nbJrQMK3FwJDMia93EpESHqqJiEdQqvuwnGMiwnWMJ5,ok,0,0,66.4364,91.9772,1541,0,8490.52,,0,unknown,0,1,
D9mFkgnZHnQGRtZKvnJ44yvoLtJmfBZRahXiUKcAzRE4,ok,0,0,60.6216,76.6629,7613,0,3079.95,,0,unknown,0,1304,Low Liquidity
5V9qpFo8NMFyhYHbrqY2c1TJrvzZSnRJAdj4ryPVB18n,ok,0,0,45.3555,66.9509,11595,2,24753.38,,0,unknown,0,101,Mutable metadata
71WsPPm44SUTWDfcCdLKsDezw4ZBXDrPjHz2rea7Lo97,ok,0,0,40.7443,69.6763,1358,0,10886.54,,0,unknown,0,1,
foodQJAztMzX1DKpLaiounNe2BDMds5RNuPC6jsNrDG,ok,1,0,56.2597,70.2147,162130,0,0.0,,0,unknown,0,77346,Mint Authority still enabled|Large Amount of LP Unlocked|Top 10 holders high ownership|Single holder ownership|Low Liquidity|Low amount of LP Providers|Mutable metadata
7NQSHjuEGENZDWfSvPZz7oP2D6c5Jc3LjFC6uh179ufr,ok,0,0,16.8808,48.7101,8432,3,82002.25,,0,unknown,0,1,
AUgdt7wjBifF9vZpde7BjU6HLroCYh4SUHYc7yhheECW,ok,0,0,58.6279,75.2249,9581,0,8540.69,,0,unknown,0,1,
HKmEsdtmRm9WXuEHgJbU3oHyij4EwB3YtEuUrm5qEJFZ,ok,0,0,83.0962,91.0006,5372,0,6600.74,,0,unknown,0,101,Mutable metadata
4bBxhRezDJDu3uuh1KM3bWetYiAZSauTeUGixn9rmiX9,ok,0,0,86.867,90.7368,8777,0,6372.5,,0,unknown,0,494,Low Liquidity
6gx6Ph2ek73kF6EWDrG4GQ54pcLJB6CYpATuRyxKXumo,ok,0,0,23.0157,76.8829,1172,10,37522.56,,0,unknown,0,1,
93NhryHqdN5eVz2n4Qoof7ELwnTcgHBw44tmGcLzxKXz,ok,0,0,69.0958,83.6625,1312,2,1761.18,,0,unknown,0,2202,Low Liquidity
BonK1YhkXEGLZzwtcvRTip3gAL9nCeQD7ppZBLXhtTs,ok,0,0,82.7083,92.7764,62597,1,3110.3,,0,unknown,0,52322,Mint Authority still enabled|Low Liquidity|Mutable metadata
4Cnk9EPnW5ixfLZatCPJjDB1PUtcRpVVgTQukm9epump,ok,0,0,6.0488,17.3265,213716,12,1028355.97,,0,unknown,0,1,
7yqC6J7qxuRzWg1xHHBmcTLG6X1K7Y5DBYB49Ks8nGKf,ok,0,0,56.4569,94.009,1753,0,3005.97,,0,unknown,0,1079,Low Liquidity
FkbWN4dcFQym2PgCELfThghQqLuA2e2jThMJyhZjfG4M,ok,0,0,28.7147,50.8489,13467,0,19419.83,,0,unknown,0,1,
jtojtomepa8beP8AuQc6eXt5FriJwfFMwQx2v2f9mCL,ok,0,0,21.2457,47.3754,240227,21,1510214.03,,1,unknown,0,2225,Single holder ownership|Mutable metadata
o1Mw5Y3n68o8TakZFuGKLZMGjm72qv4JeoZvGiCLEvK,ok,0,0,57.4628,64.065,61979,20,18619.69,,0,unknown,0,101,Mutable metadata
7dGbPgUxKpB5qWiLRKcTQSC3om1fPzUpgGAFfwej9hXx,ok,0,0,16.0126,49.545,10261,9,18940.52,,0,unknown,0,1,
4oaV94McVveRosSgdZTn3jkMpr1ge7SQZjwBZ7xG6oA7,ok,0,0,31.8971,51.7177,4433,0,17969.03,,0,unknown,0,1,
8FA3TPf84h9gEZAxDhiLkMN4vvZcdEUZxmGadbo12auh,ok,0,0,20.1527,74.4975,8934,0,28361.13,,0,unknown,0,3348,Single holder ownership|High holder concentration|Fee config enabled|Mutable metadata
27G8MtK7VtTcCHkpASjSDdkWWYfoqT6ggEuKidVJidD4,ok,1,1,41.5382,83.3159,322282,56,5425659.97,,0,unknown,0,77873,Mint Authority still enabled|Freeze Authority still enabled|Single holder ownership|Mutable metadata
A5LCTQ1vJECCQWSXJYs3rfCoexctbUgTCAEKDuNye8bZ,ok,0,0,39.1442,55.5971,5088,2,6185.06,,1,unknown,0,101,Mutable metadata
AG9yih1Wkunf17yucoNYUacw4LwQugr2vWBPpHA6xz6q,ok,0,0,62.8224,87.1796,2802,0,5569.02,,0,unknown,0,558,Low Liquidity
HC2KyVkPK9Mc9NEFPUi43okhTYPa5fStk6a3Ci3cDbQS,ok,0,0,63.7564,74.2004,7904,0,13403.47,,0,unknown,0,1,
Bro4MuM7ZSWgGGhioxdMne8TwiZjKLJYK9eNQQbGEN9X,ok,0,0,11.0282,14.4146,1986,2,3994.98,,0,unknown,0,853,Low Liquidity|Mutable metadata
864YJRb3JAVARC4FNuDtPKFxdEsYRbB39Nwxkzudxy46,ok,0,0,27.1843,54.2498,39999,3,42369.79,,0,unknown,0,1,
EATGZHJViJsk7nEKkrdJicwNbfpkJfAtmrEmrjXR8NBj,ok,0,0,11.3792,39.313,28407,4,65632.98,,0,unknown,0,1,
5HJ3fCrCXUEEraLJUBLvhbNwSYS2RNzjuuS33FLH7UjP,ok,0,0,57.0793,74.2524,2227,1,1836.58,,0,unknown,0,1979,Low Liquidity
8qYH37jFCVbGSjQPdMsf8TDwp1JHTjU1McA8GoCCpump,ok,0,0,78.7967,93.4395,2837,0,6122.03,,0,unknown,0,1,
2J5uSgqgarWoh7QDBmHSDA3d7UbfBKDZsdy1ypTSpump,ok,0,0,84.7857,92.3271,11109,0,12139.93,,0,unknown,0,501,Missing file metadata
FuLH3f9TPxiLNojPBZxfaT5Rb5VFfia8hMzLo9e9c6CG,ok,0,0,75.5404,86.5217,7949,0,15986.62,,0,unknown,0,1,
A3t817aK6XkhqQA148bjXKWJMhBmP9t2d9caWvQNaHQR,ok,0,0,51.2467,63.9053,7486,0,7303.0,,1,unknown,0,1,
gr1qPTo3tpMAxt59BftQo2uSfRHRuUZJaWLhR8ADtwz,ok,0,0,68.6943,81.8166,5932,1,7138.98,,0,unknown,0,1,
J1YnyKzmxBwFkPftvZexnHTm4Am7JnmWydhxtXdwEmMv,ok,1,0,13.7711,49.5703,994,0,316.41,,0,unknown,0,64533,Mint Authority still enabled|Large Amount of LP Unlocked|Low Liquidity|Missing file metadata|Mutable metadata
DLvWoNT1d5iSX2T1aUUBzRdGbSef2xW3MwJBKtewVW6h,ok,0,0,58.8716,71.6985,4455,0,7008.6,,0,unknown,0,1,
JACSU5f2fCsQSCDNz1VX2Se4vmQyj8k5EYigD4RppvGV,ok,0,0,49.7797,70.4398,5479,0,16531.42,,0,unknown,0,1,
E3tHHRa9Y1TWAA1nPZo8FAyVFgBDnXrS8u8nmMShL3M3,ok,1,0,76.8793,91.2527,1325,0,3799.77,,0,unknown,0,51609,Mint Authority still enabled|Low Liquidity|Missing file metadata|Mutable metadata
FF4dN8Qy8NNF88HRgMA3TkbRVZ8PTXWXZCZJb59X3Sbg,ok,0,0,64.3635,77.7981,18345,1,13733.56,,0,unknown,0,1,
EjErrBoCw7eWYkMfimhPckaPSuBukyhUYwv2dLJYDWB7,ok,0,0,84.3889,90.1509,2817,0,6797.51,,0,unknown,0,1,
CF97pGa5aNhXYkERsYLbAZ1wyk6cSFrfKhd1ansRD3So,ok,0,0,26.4143,55.9606,29186,0,520.07,,0,unknown,0,2799,Low Liquidity|Mutable metadata
A2khRbhRJNrAEHj95htivC4cR4VbJwfssDH5FPPbP4m9,ok,0,0,53.8918,72.0529,17984,1,26494.39,,0,unknown,0,101,Mutable metadata
kNkT1RDnexWqYP3EYGyWv5ZtazB8CfgGAfJtv9AQ3kz,ok,0,0,41.5623,86.6488,6441,0,5.32,,0,unknown,0,78383,Mint Authority still enabled|Large Amount of LP Unlocked|Top 10 holders high ownership|Single holder ownership|Low Liquidity|High ownership|Mutable metadata
J2LWsSXx4r3pYbJ1fwuX5Nqo7PPxjcGPpUb2zHNadWKa,ok,0,0,10.0001,61.9686,4034,5,15677.75,,0,unknown,0,12158,Large Amount of LP Unlocked|High holder concentration|Mutable metadata
966vsqwoS3ZBrHesTyAvE7esFV2kaHaDFLLXs4asPdLJ,ok,0,0,31.677,59.2514,1644,0,63.37,,0,unknown,0,68174,Mint Authority still enabled|Large Amount of LP Unlocked|Single holder ownership|Low Liquidity|High holder concentration
FwBixtdcmxawRFzBNeUmzhQzaFuvv6czs5wCQuLgWWsg,ok,0,0,38.456,58.4096,133462,1,2968.43,,1,unknown,0,1506,Low Liquidity
HhJpBhRRn4g56VsyLuT8DL5Bv31HkXqsrahTTUCZeZg4,ok,0,0,52.7925,73.0066,185492,20,153353.65,,1,unknown,0,101,Mutable metadata
Ffjrfw9phxYYpQc9fyYq5uRV3K6943Wzo3t9a1L4vfoW,ok,0,0,37.738,73.2738,4683,5,7766.93,,0,unknown,0,1,
DhTNFBp4NjaxWqf6LwG57GrJQZfXrso1qK9FcMZt9sv7,ok,0,0,79.5341,88.5195,2302,0,8887.91,,0,unknown,0,101,Mutable metadata
EWMfSJgDCE7CXDAYz3hbCaA7NsFHTnddySXx3shco2Hs,ok,0,0,27.8745,49.0123,12715,1,43386.77,,0,unknown,0,1,
FYUkUybywqUUyrUwiAezbvhTp2DUgx1eg8tQNiKkXqJ9,ok,1,0,94.8551,99.9179,213,0,874.02,,0,unknown,0,84936,Mint Authority still enabled|Large Amount of LP Unlocked|Top 10 holders high ownership|Single holder ownership|Low Liquidity|High ownership|Low amount of LP Providers|Mutable metadata
8A9HYfj9WAMgjxARWVCJHAeq9i8vdN9cerBmqUamDj7U,ok,1,0,38.8513,59.4722,5239,0,78.22,,0,unknown,0,67921,Mint Authority still enabled|Large Amount of LP Unlocked|Single holder ownership|Low Liquidity|Mutable metadata
PRZdvhsihALAYQAwCaQYCSVTbkxfT9Fme28p19Np9VD,ok,0,0,79.0312,87.5471,4269,2,7636.79,,0,unknown,0,1,
5CqfXex1knfRiozwDtgFFNaiGR9TsmSUcWDNUTUGZQru,ok,0,0,41.1753,65.9922,19759,3,36420.94,,0,unknown,0,1,
LPFiNAybMobY5oHfYVdy9jPozFBGKpPiEGoobK2xCe3,ok,1,0,35.5112,94.7122,1250,0,0.0,,0,unknown,0,79169,Mint Authority still enabled|Large Amount of LP Unlocked|Top 10 holders high ownership|Single holder ownership|Low Liquidity|High ownership|Low amount of LP Providers|Mutable metadata
DoxsC4PpVHiUxCKYeKSkPXVVVSJYzidZZJxW4XCFF2t,ok,0,0,47.8557,70.9993,8250,3,10431.15,,0,unknown,0,101,Mutable metadata
B5WTLaRwaUQpKk7ir1wniNB6m5o8GgMrimhKMYan2R6B,ok,0,0,19.9261,41.77,77546,9,212497.09,,0,unknown,0,1,
DUALa4FC2yREwZ59PHeu1un4wis36vHRv5hWVBmzykCJ,ok,0,0,60.6209,89.2148,1055,0,1051.27,,0,unknown,0,35173,Large Amount of LP Unlocked|Top 10 holders high ownership|Single holder ownership|Low Liquidity|High holder correlation|Symbol Mismatch|High ownership|Low amount of LP Providers|Mutable metadata|Name 
APoM2sXUzdRHTkUjXSsdUheX1wPPdP4HFLotmtRNMU8P,ok,0,0,26.4029,45.6721,15756,0,47007.02,,1,unknown,0,1,
GzWP5TSam9VBdPx2bA4US2E3sX5pP65JMZWCyYFY9ZbF,ok,0,0,93.6809,97.5604,1145,0,5029.82,,0,unknown,0,753,Low Liquidity
94XduSfSnyas7jAEFSJSXiCi1xQ4mENWcii1aCvjVuqu,ok,0,0,73.0519,93.0605,3269,0,43079.61,,0,unknown,0,501,Missing file metadata
8twuNzMszqWeFbDErwtf4gw13E6MUS4Hsdx5mi3aqXAM,ok,1,0,83.1297,90.0956,25728,0,154.08,,0,unknown,0,82640,Mint Authority still enabled|Large Amount of LP Unlocked|Top 10 holders high ownership|Single holder ownership|Low Liquidity|High ownership|Mutable metadata
GRJQtWwdJmp5LLpy8JWjPgn5FnLyqSJGNhn5ZnCTFUwM,ok,0,0,28.1397,57.0182,39269,0,395.92,,0,unknown,0,67815,Mint Authority still enabled|Large Amount of LP Unlocked|Low Liquidity|Single holder ownership|High holder concentration|Mutable metadata
BYATmZ7ry2pewxW3213sczJYB7ZJzPr921uvcRcJYYZQ,ok,0,0,56.9643,80.9063,4858,0,11882.71,,0,unknown,0,101,Mutable metadata
3wDQAHLuaaotFajeJXpJpNMio3LBhSTscHa8Xq5UwLo2,ok,0,0,65.7676,80.8747,5143,0,2707.13,,0,unknown,0,1942,Low Liquidity|Mutable metadata
2Zvo6bnwJtyXhsPgbcfajTrEtB7NwrJhK8mMmtEXvHHc,ok,0,0,58.6313,74.3282,5501,0,4405.37,,0,unknown,0,666,Low Liquidity
GgzJWhQWTpv2VHqvJnx5uEWQzNkfQSncDEWUdgQk4fvh,ok,0,0,35.1201,62.4586,40964,0,9825.09,,0,unknown,0,1,
CoRkC3r6MqYuTeMRc7D8JJF7UiUyFWurXGpYy1xQATNq,ok,0,0,83.6345,95.4822,12168,0,101189.75,,0,unknown,0,1,
BFpchrNVhyTRzMNAg9QkiZfRN2vqRBwcYoTX8qgkbDvm,ok,0,0,43.1468,70.0667,9783,1,18648.25,,0,unknown,0,1,
cozyLxNaoJvQ3KB5dCJdu7MoZiBpwBWGdvc4dkMXnqA,ok,0,0,63.0135,77.4877,2342,2,11776.83,,0,unknown,0,101,Mutable metadata
GfkfESc5A4EkxCGWsymNY4ZfkCDdvtB7ajCybLfYL1Qq,ok,0,0,15.9747,39.4694,4072,1,38550.95,,0,unknown,0,1,
GMEhF4sFXd9PRR9KJo7hyPjeHdcdg5yxTNP22KKNyWvZ,ok,0,0,48.8315,88.8173,4551,0,166602.34,,0,unknown,0,12940,Top 10 holders high ownership|Single holder ownership|Mutable metadata
A9jLULrDSYZkBtKfvG44w8NWzvCN6rGLpoA3hY7TQ85k,ok,0,0,50.5943,65.0283,6738,1,19932.8,,0,unknown,0,1,
5jFJCvNgg8ytGWBygoquaUC6bMZyr7C5jmGHECBzrxR5,ok,0,0,66.8362,80.2873,8976,0,13277.84,,0,unknown,0,1,
MELLd8PyFoeNW3D5VaUe7L96eZeihtrzgLWrbKz5DR2,ok,0,0,18.2966,99.9939,167,0,42056.49,,0,unknown,0,25975,Large Amount of LP Unlocked|Top 10 holders high ownership|Low Liquidity|High ownership|Low amount of LP Providers|Mutable metadata
xgWKZ2h4tnstP3NzGyVFgA6Adu3Q7uCBtiYt7cErPA9,ok,0,0,52.1719,82.5508,3203,1,7733.89,,1,unknown,0,101,Mutable metadata
2Pp6ebUvEL9YRTauUTmGTwYZKRfyQXGM9jE4S8WPDtEy,ok,0,0,48.9327,76.5192,23207,1,13272.63,,0,unknown,0,1,
9EPYaNqzJLSPSFH9aKSxn2EaJoxHS1oqt7pVBR3yivt,ok,0,0,67.7011,78.9629,9568,0,13456.95,,1,unknown,0,101,Mutable metadata
ULwSJmmpxmnRfpu6BjnK6rprKXqD5jXUmPpS1FxHXFy,ok,0,0,10.3647,24.8388,52731,5,347084.87,,0,unknown,0,1,
6e6rViDzavLRv56nvZye5UofrKDg36mf6dTQrMCoPTW9,ok,0,0,79.5718,89.9737,13337,3,18325.47,,1,unknown,0,1,
BT2apS5umybEthwy6xP5PfgNDw3ykMyxirY5XxZ7H654,ok,0,0,61.1539,79.4204,1788,0,5017.55,,0,unknown,0,787,Low Liquidity
LigMAx75tZtD9NyxF3VwYQuEsf4uWPxoHgXkeiA2TPu,ok,0,0,38.0728,42.131,2030,5,64657.66,,0,unknown,0,11100,Large Amount of LP Unlocked|Mutable metadata
EKpQGSJtjMFqKZ9KQanSqYXRcF8fBopzLHYxdM65zcjm,ok,0,0,13.7245,44.7612,774337,65,13067299.37,,1,unknown,0,1,
Dc7mzCE1aG8rNJUgD3zDiRPcgJUYKSybxBA1oXWqjLz4,ok,0,0,84.8145,95.6309,1830,0,4805.14,,0,unknown,0,246,Low Liquidity
BaoawH9p2J8yUK9r5YXQs3hQwmUJgscACjmTkh8rMwYL,ok,0,0,29.3931,70.0142,5748,0,41.37,,0,unknown,0,14714,Top 10 holders high ownership|Low Liquidity|Single holder ownership|Symbol Mismatch|Mutable metadata|Name Mismatch
CzLWmvjtj5bp9YEWkzzBnuWovVtogeuchFu5GeFh68hB,ok,0,0,18.3313,56.8641,2430,7,3735.07,,0,unknown,0,12167,Large Amount of LP Unlocked|Low Liquidity
GTH3wG3NErjwcf7VGCoXEXkgXSHvYhx5gtATeeM5JAS1,ok,0,0,59.7362,87.9018,46817,9,143190.54,,0,unknown,0,501,Missing file metadata
BfHkvKMEYjwPXnL36uiM8RnAoMFy8aqNyTJXYU3ZnZtz,ok,0,0,66.566,83.5106,13732,0,19445.62,,0,unknown,0,1,
Hz1XePA2vukqFBcf9P7VJ3AsMKoTXyPn3s21dNvGrHnd,ok,0,0,50.0688,65.5484,4469,1,1872.86,,0,unknown,0,52227,Mint Authority still enabled|Low Liquidity|Fee config enabled|Mutable metadata
A6JVLMAjR1aeCfz3X2z4vVQ9GafYWVT75tC5V5qefja2,ok,0,0,56.8978,78.4315,5180,0,86.99,,0,unknown,0,29709,Large Amount of LP Unlocked|Top 10 holders high ownership|Single holder ownership|Low Liquidity|High holder correlation|Mutable metadata
BEgBsVSKJSxreiCE1XmWWq8arnwit7xDqQXSWYgay9xP,ok,0,0,16.7035,34.6247,18998,0,92777.85,,0,unknown,0,1,
EMAb1cexvwrMeViyYiK8941V7SGWiXsyhMREBcswggPw,ok,0,0,65.966,89.5187,3437,0,11791.53,,0,unknown,0,1,
Dnpy7ZkE1LvhyTC1hmTb8opJ6g9rgt2oRvN8z7y35WRJ,ok,0,0,69.6202,78.6592,7157,1,10184.82,,0,unknown,0,101,Mutable metadata
7cb67ev3jvBKaAH1tnVM8FL8WfQ96sa2TYByEXajqx8N,ok,0,0,24.7484,52.2046,11601,0,23728.64,,0,unknown,0,1,
31k88G5Mq7ptbRDf3AM13HAq6wRQHXHikR8hik7wPygk,ok,0,0,19.949,53.0577,35292,0,556244.42,,0,unknown,0,1113,High holder concentration|Mutable metadata
CyUgNnKPQLqFcheyGV8wmypnJqojA7NzsdJjTS4nUT2j,ok,0,0,26.2486,53.779,11881,0,55676.02,,0,unknown,0,1,
G8Vy25NzjRmuQtnN35xF7j3X2Z1TrV39XijZu8Mg4w8n,ok,0,0,28.8734,53.8559,18304,2,48671.94,,0,unknown,0,1,
9cX8hMxZ2vW7pxYEPf2G5UHrcmMx83iTgGcxwwRKdarq,ok,0,0,91.4288,95.2301,4228,1,9283.25,,0,unknown,0,1,
HfXLMuSCHvsuYHRLekyW88oiz1LJvRerKh4QH1y5f8xk,ok,0,0,78.7221,87.1405,9187,0,15846.4,,0,unknown,0,1,
9pPE1q9EW1bMQWbHmffrzUCfRr7S82UoxNUFfA6mAZC6,ok,0,0,25.604,47.1586,14450,3,35946.17,,0,unknown,0,101,Mutable metadata
EoJEyppNNpycP1ZoPnWq6cxwA7mSYpr9T1WXPFyjEzEy,ok,0,0,72.5876,98.6863,1706,0,2.17,,0,unknown,0,33309,Large Amount of LP Unlocked|Top 10 holders high ownership|Single holder ownership|Low Liquidity|High ownership|Low amount of LP Providers|Mutable metadata
8Qrc2pf9p24NyJVG1FagnqJXwKw6h5L5McxnMfJoUxev,ok,0,0,58.762,74.0459,7605,0,15019.41,,0,unknown,0,1,
C8cNX2D1y3jqKpMFkQhP1gGbfvTEdeckZXLBKSN5z5KF,ok,0,0,24.4987,58.3409,31144,4,56349.84,,0,unknown,0,2450,Single holder ownership
t5cSTUSZzUAQXQKzQvhieFG4Hz4xC23z9du1Chp8gES,ok,0,0,58.4082,79.7128,8598,3,8665.58,,0,unknown,0,101,Mutable metadata
2ioyweEeV4xJCkFJvh868X9iP3L6Q31MVCawfbJLRTHq,ok,0,0,63.9266,78.2993,8069,1,18396.37,,0,unknown,0,1,
947tEoG318GUmyjVYhraNRvWpMX7fpBTDQFBoJvSkSG3,ok,0,0,17.1711,33.7827,58365,8,121814.92,,0,unknown,0,101,Mutable metadata
7EW2NTuQFYKVxF3WTA1L1v62pxB7RFYmVC7veGxNDFis,ok,0,0,81.0229,90.4476,2437,1,11278.3,,0,unknown,0,1,
2biAFVhHGr13P2wBKeRjnD1HUsBGFBvbHtMyooVZii7E,ok,0,0,73.3679,93.7433,1287,0,5571.64,,0,unknown,0,1,
6DNSN2BJsaPFdFFc1zP37kkeNe4Usc1Sqkzr9C9vPWcU,ok,1,0,28.8149,81.4808,4970,10,171245.76,,0,unknown,0,68243,Mint Authority still enabled|Top 10 holders high ownership|Single holder ownership|Single holder ownership|High ownership|Missing file metadata|Mutable metadata
4cwVHQtwiK7r9aAUsu4cetk1JtLWPymopWcpTSsihCdL,ok,0,0,35.0176,84.7045,1928,0,0.0,,0,unknown,0,83943,Mint Authority still enabled|Large Amount of LP Unlocked|Top 10 holders high ownership|Single holder ownership|Single holder ownership|Low Liquidity|High ownership|Low amount of LP Providers|Mutable m
EEAy5QjPS5F3Jqqd51MYfHo8enAKtgFZxNnFjbeVpump,ok,0,0,86.5227,93.7446,5414,2,6929.07,,0,unknown,0,1,
CzkM8bzWFdXsjtZQnz2piTxJKPtJ5mfTL8S6sNZg7n7S,ok,0,0,69.4733,88.1393,7434,0,15460.17,,0,unknown,0,1,
AZsHEMXd36Bj1EMNXhowJajpUXzrKcK57wW4ZGXVa7yR,ok,0,0,15.086,32.5233,70394,49,1074482.51,,0,unknown,0,101,Mutable metadata
9GnU66c8qtMmj8rZ481N8Ums1Zmqdv5HgtQJyRVXt8MS,ok,0,0,41.1814,67.5431,2500,0,3167.09,,0,unknown,0,1984,Low Liquidity|Mutable metadata
9EL3CHVQS3nwUFhyVT7AGbttRsbJ5UE8Qjnw5ZAtkUhr,ok,0,0,26.2544,74.8003,3938,1,12893.37,,0,unknown,0,2528,Single holder ownership
5RDHUiwLChkKfusxeu9kEDUtRfxsDWV8etoopnZMwVM7,ok,0,0,63.2875,76.2912,10255,1,10795.25,,0,unknown,0,101,Mutable metadata
FYa25XnBsXQXAdTnsyKBKd5gZ1VZhChBRF57CqfRxJZX,ok,0,0,31.8446,49.5271,21259,2,85736.06,,0,unknown,0,1,
PumPRGmZ56t3Vngxo6fCP7ZJQ14oUg3biKxXrEyQBSf,ok,0,0,75.2519,81.7779,7101,9,11934.38,,0,unknown,0,101,Mutable metadata
5LafQUrVco6o7KMz42eqVEJ9LW31StPyGjeeu5sKoMtA,ok,0,0,43.5484,57.683,250942,16,162916.95,,0,unknown,0,101,Mutable metadata
DM8YLBujra6arvKuZ23d4ukqLdzbiGuhyWM4dUZnTnFA,ok,0,0,14.5068,67.7676,205,0,75.45,,0,unknown,0,66073,Mint Authority still enabled|Large Amount of LP Unlocked|Low Liquidity|High holder concentration|Missing file metadata|Low amount of LP Providers
2kMpEJCZL8vEDZe7YPLMCS9Y3WKSAMedXBn7xHPvsWvi,ok,0,0,44.2965,48.7569,2288,9,123101.58,,0,unknown,0,201,Fee config enabled
isktkk27QaTpoRUhwwS5n9YUoYf8ydCuoTz5R2tFEKu,ok,1,1,70.0023,99.8176,1233,0,58.95,,0,unknown,0,117576,Mint Authority still enabled|Freeze Authority still enabled|Large Amount of LP Unlocked|Top 10 holders high ownership|Single holder ownership|Single holder ownership|Low Liquidity|High ownership|Mutab
pawSXHWsonrTey4SX7tz1fM9ksuLpE13Y54K57ym4Rg,ok,0,0,53.6027,65.4086,11542,0,9255.82,,1,unknown,0,101,Mutable metadata
EA4SyW5UDnntXwUyyogN9UgpLU4q71HWgjhJBFUHTqLY,ok,0,0,82.3571,90.3182,2250,0,2339.35,,0,unknown,0,1867,Low Liquidity|Mutable metadata
6wdbFQAxDVwUdJrZEnnzgPzsZ1NruvLhf9qCvmSD5DLX,ok,0,0,80.743,87.5731,3898,1,27835.65,,0,unknown,0,11000,Large Amount of LP Unlocked
Dso1bDeDjCQxTrWHqUUi63oBvV7Mdm6WaobLbQ7gnPQ,ok,0,0,80.3604,99.6727,50716,0,1860.15,,1,unknown,0,63780,Mint Authority still enabled|Large Amount of LP Unlocked|Low Liquidity|Mutable metadata
BqhNdGtS1Nqtzi2MvZ7G8NN1vRuHZ12UpHGJKe71e1JT,ok,0,0,64.9768,75.2558,6492,0,8608.82,,0,unknown,0,1,
F6ExBzKdLRcJkCAknQgfbhRXX78EhqoNxPnegJWPpump,ok,0,0,37.7097,54.7191,7817,1,22363.83,,1,unknown,0,1,
DTEqTxxGFn3SZ4C8tNP35X8iegCCgCBrX974WFSuYVZh,ok,0,0,57.5435,68.754,48366,0,21983.88,,0,unknown,0,1,
AeNg6DaCAjNpK7CvkSC6c9j5g8YFSp78aTQxejaNRNcz,ok,0,0,67.0227,82.4354,60523,1,2484.64,,0,unknown,0,1743,Low Liquidity
463SK47VkB7uE7XenTHKiVcMtxRsfNE2X4Q9wByaURVA,ok,0,0,6.5957,24.0781,15141,3,305970.86,,0,unknown,0,1,
E43qU77tnWDwN11o7TtaGMNpxCAqz8RZEZ7PcTCUXSim,ok,0,0,54.4722,69.4398,13368,4,37303.8,,1,unknown,0,101,Mutable metadata
5LwseQRo8fsz4S3y7jbqqe5C7tZTz5PwhXNCHj13jLBi,ok,0,0,24.5648,37.7886,32068,2,35743.62,,0,unknown,0,1,
fuseYvhNJbSzdDByyTCrLcogsoNwAviB1WeewhbqgFc,ok,0,0,74.0258,97.6276,967,0,0,,0,unknown,0,71841,Mint Authority still enabled|Top 10 holders high ownership|Single holder ownership|Low Liquidity|High ownership|Mutable metadata
EZGvDFqrMSAxTt3Ud2bcguASaPKwGExiDzHVLqT3STZm,ok,0,0,63.3733,85.3687,1316,1,1565.48,1,0,unknown,0,2297,Low Liquidity
7unYePWUHcpB28cnS65TpqT2qqmZaftRz9QABkdR8yN7,ok,0,0,56.8243,85.5118,15267,1,12697.99,,0,unknown,0,1,
HnKkzR1YtFbUUxM6g3iVRS2RY68KHhGV7bNdfF1GCsJB,ok,0,0,12.7846,42.3522,32607,4,59199.02,,0,unknown,0,1,
ppVT3Vqb323UBEW3QuTvdNCpQm1spEZM8Bt1tv9WALW,ok,0,0,48.9127,61.0786,6317,3,20566.56,,0,unknown,0,101,Mutable metadata
GKZbA2gDzw3MoxbfRsnrJTNi5uBDrnrz9bq1pNnx6kv,ok,0,0,59.2894,70.2896,7581,0,6663.23,,1,unknown,0,1,
xABfKiG2KCHi6keTeLycW1iK7B52wJmchSWXu3YrsDp,ok,0,0,66.7183,90.2281,8052,4,13869.2,,0,unknown,0,101,Mutable metadata
5doZSgpsKVJk9u58hsmDsq8N6oNtELvsycoFJ42P327p,ok,0,0,85.5272,90.4123,6431,0,12041.2,,1,unknown,0,101,Mutable metadata
CKiW2P4zngHa6fiPhMJGGhgDZm638dWotxkzgi8PsDxf,ok,0,0,67.3346,75.5458,5201,0,9400.25,,0,unknown,0,1,
FLUXBmPhT3Fd1EDVFdg46YREqHBeNypn1h4EbnTzWERX,ok,0,0,19.9476,68.4373,52473,31,7539988518.24,,0,unknown,0,101,Mutable metadata
H1G6sZ1WDoMmMCFqBKAbg9gkQPCo1sKQtaJWz9dHmqZr,ok,0,0,37.5322,73.2271,29809,0,704.38,,0,unknown,0,7425,Single holder ownership|Low Liquidity|High holder concentration
4h49hPGphLNJNDRyiBwzvKoasR3rw1WJCEv19PhUbSS4,ok,0,0,97.7136,99.4631,1134,1,14840.52,,0,unknown,0,32345,Large Amount of LP Unlocked|Top 10 holders high ownership|Single holder ownership|High ownership|Mutable metadata
9tnkusLJaycWpkzojAk5jmxkdkxBHRkFNVSsa7tPUgLb,ok,0,0,62.0614,69.6236,55586,1,10312.76,,0,unknown,0,1,
8m9fjYycXAFva1kScttQgsESVZT7yELhjZASqfHBuMa5,ok,0,0,59.9216,77.1688,9429,1,7358.91,,0,unknown,0,1,
2zE5rJ2ctXMz9hVbk1AvJa78X7mh3kuR728SNzGXTEeu,ok,0,0,77.929,87.668,2570,0,4751.47,,0,unknown,0,913,Low Liquidity
edge86g9cVz87xcpKpy3J77vbp4wYd9idEV562CCntt,ok,0,0,32.2059,89.9577,3366,20,55772.94,,0,unknown,0,73902,Mint Authority still enabled|Large Amount of LP Unlocked|Top 10 holders high ownership|Single holder ownership|High ownership|Mutable metadata
6Hfwp6Fht1pEtusLsDqKuovBisPbFVoA7jZQYeK1aMmG,ok,0,0,73.8218,90.9903,1846,0,5653.19,,1,unknown,0,889,Low Liquidity
A3eME5CetyZPBoWbRUwY3tSe25S6tb18ba9ZPbWk9eFJ,ok,0,0,32.0653,53.105,106170,5,120301.81,,0,unknown,0,1,
HzwqbKZw8HxMN6bF2yFZNrht3c2iXXzpKcFu7uBEDKtr,ok,1,1,,,,0,0,,0,,0,1,
3tS6fbLh2P8tzxXuqCiHZpZhsxJpmrR3Xb9psmypnp69,ok,0,0,45.4656,62.892,13034,4,18570.12,,0,unknown,0,1,
fESbUKjuMY6jzDH9VP8cy4p3pu2q5W2rK2XghVfNseP,ok,0,0,64.7658,80.2159,19220,0,40050.39,,0,unknown,0,1,
