mint,label,status,liquidity_usd,volume24h,buys24h,sells24h,buy_sell_ratio,price_change_24h,fdv,age_days,dex
57ZZrKtSyywUW9wgyQedGYfm32UxyLSp8kUcm8Tupump,1,no_pair,,,,,,,,,
2dQzZrJVauMvbZjVcyM5q92JhPnpG76sAtUFNpEBuoNk,1,no_pair,,,,,,,,,
9o2BybaqzgKm1swuRyxhuKF4d2hDQ6dJRiqthvBeW5HB,1,no_pair,,,,,,,,,
8v6nNoN778iJPXuBf2At86gH6U5ErvAcPRo6hY7SX2RD,1,no_pair,,,,,,,,,
8HvjPKnCPaCXxQD4gBR4AtJWvsXhA7FRiSFGkuGkpump,1,no_pair,,,,,,,,,
5v4w5ifjtqidU45FtX3kyGBdXZ6ZuXJ8Vc35bizgpump,1,no_pair,,,,,,,,,
4s9nmcQ4ACHP18kfwQdEH1fEcciBsx3ntNthsEDUpump,1,no_pair,,,,,,,,,
HS1PFybFpBGYhyXNgKREjWChw4ymPFZJjcucP24Rrvyp,1,no_pair,,,,,,,,,
4QV4wzDdy7S1EV6y2r9DkmaDsHeoKz6HUvFLVtAsu6dV,1,no_pair,,,,,,,,,
ZMf4yHGN3ktcQ3Zt6N2Ymf1Kwx4ZQiFyDvGhfoJDftW,1,no_pair,,,,,,,,,
DtChfd66f6RYp155VxjQ3qYKRNPWZhcupDpYQSFPUcU3,1,ok,4469.73,27.37,0,2,0.0,-1.39,6169,898.36,raydium
2pePMAYUUfCQ4GrwzX5PJvo2fGQkqLxqNwc5no4Jpump,1,no_pair,,,,,,,,,
2mEPX5TUfaw4wgfY1z5zwjosKaJxWAiiWjqHWD8oG9jy,1,no_pair,,,,,,,,,
4bwMPPipiPafcxxtSBPMUgCkv8hF4xAyWsUzxr3DLYPZ,1,no_pair,,,,,,,,,
8Au2WcQrgn1oTKfnnaFfb3iMjfdXYp7Y7CrHi8JaNSUZ,1,no_pair,,,,,,,,,
8aBz1sWorPuzquux6rRy6G1isvfpk5b1151dswj9kfWJ,1,no_pair,,,,,,,,,
GHDmXNVhotN2u6oipF6UQVRta8y9PVmMdn8E29RACM8D,1,no_pair,,,,,,,,,
mWB1Kr4KSH7sydqBe1j5eQvd3GUze42NpSxPjdoTb1i,1,no_pair,,,,,,,,,
2fk2hVcQAYNX9KYbKuWktHFZ6XvQH25Dieaw6kuBpump,1,no_pair,,,,,,,,,
HuMShjViKhcfihmHkgvctcFAyeyxAk8hK5K58zWpuRKf,1,no_pair,,,,,,,,,
7dDeJQRiGVJG7wCvDL8LYmmAXocQsbtJdkgAcRMXpump,1,no_pair,,,,,,,,,
HR8PddmDtfS6Dugmm1NQRwA4HMoQy4s63PFc6tUSQPWg,1,no_pair,,,,,,,,,
DpjJc7YCzeg4DKLVTCmT5Z9MYsv11tqYizdt35TinXdc,1,no_pair,,,,,,,,,
8Dyg4ifNb6HxAYvUpktqrJrorUspVq2zdpBmHQxibonk,1,no_pair,,,,,,,,,
EeqCc4GDxSGAk7XY5cHP1xr9Nzw6u8Yzgs7RHsDfrhwW,1,no_pair,,,,,,,,,
Y71XaLmJPvuPY4h4LnTZfFgSR6vP3qCxGLpCx25JTMA,1,no_pair,,,,,,,,,
9tfvk9yCRV2sjFmWJPsGWrKLh2kAxX4jka2oAnvGpump,1,no_pair,,,,,,,,,
26952XT8uvWknpBXDDDYUDv2A4u371fhrgbeh75UL3pE,1,no_pair,,,,,,,,,
6VaXSRX1f76itEjEJCMKjbjmkkiEDrmUrBpPZ9U2oLKA,1,no_pair,,,,,,,,,
Dua3G5vxe8Eu5BQSFxC4tPHdhszuk8kBCwiYZegbWnmb,1,no_pair,,,,,,,,,
Bd3i2y1sgKhT5wmvC4fvkvUMFQi798YFVh2vjWRsE7L1,1,no_pair,,,,,,,,,
9t6jCyNTWxqdmQzsKYH7Ptx8YsvYLi6D1xy2YRZGpump,1,no_pair,,,,,,,,,
6NYj94wfaYZVKMtVMavEn3F4vkxh8svNRoKmpydAEKre,1,ok,91.56,70.53,23,4,5.75,1.21,8919940708,362.25,raydium
85YpRGXsVecop1ZH524Fd71CNpbkvjUGxBfDMJLP7aku,1,no_pair,,,,,,,,,
BWcc3XSyp59ACFQv9mXd6Nbx9yQownsyhEjQ2mzG1LXH,1,no_pair,,,,,,,,,
4rbYL1GQa64S6HhWMMmbRSAaFsWTzkBiUy95fUS7ovzd,1,no_pair,,,,,,,,,
4aRHjUQGwxETYcCWHqAUPFMCTt6UXi2H7VxmKspvw19p,1,no_pair,,,,,,,,,
ChVzxWRmrTeSgwd3Ui3UumcN8KX7VK3WaD4KGeSKpypj,1,ok,1668.95,42.47,6,8,0.75,-6.73,6283,1375.1,raydium
4gnnnQuunnLxpzP6NuunFuD7SUpG29AGd7CuKnRZEWrm,1,no_pair,,,,,,,,,
C9mgSA9dsABb3cVUB8SDG8qeFtwvqzSMkyZRUVVfjDmA,1,no_pair,,,,,,,,,
BixiLfw1mUyvzX6GHzbtcEEywv6Pppaqj2KKEuJshbLD,1,no_pair,,,,,,,,,
nrRyfX5PaGRiVJsJBMMnMfVrAFszAwErQd82xhtZjz7,1,no_pair,,,,,,,,,
9Usp7u6b3GDryo3BxFCyef4hBrVG1y8mHeSEJVEXm1UW,1,no_pair,,,,,,,,,
3AhUHgH1Am6d9fHuBj1jQps6qKi31ts8kJQCAgan2TTF,1,no_pair,,,,,,,,,
Ewg1ARdQtYMUB7Tu7LrKfCtYSNm2yx2PbhuPRdRV9DAD,1,no_pair,,,,,,,,,
HAZLBg9MmaxEUL913RmaaBL95YVnUFAZKi1YSiyRsZxA,1,no_pair,,,,,,,,,
5V3CJUidgNMny81v6NiJkgCeWMFKeZJiNzadp42d7SSj,1,no_pair,,,,,,,,,
CfQ7rniFanxNR69gXRcXRq98evdvWvtSEVfj1cSkpump,1,no_pair,,,,,,,,,
4BZpbJhSzJuPMKPUViQDfKaCgfCPbmkmrcbvk4qDUx6E,1,no_pair,,,,,,,,,
HdqSJ8BFLBnfodsGKA4XfFza3WjevUbasen5igdRqBJv,1,no_pair,,,,,,,,,
AK6aTnnqe8uqSUej4ssKY8cr17cvE4rNAeKNSdXc6Pzc,1,no_pair,,,,,,,,,
CDwYjsDMq6NpUVeRqPhZ5kbTCxA96MqTCPY4BhU6pump,1,no_pair,,,,,,,,,
MtndYnCvcYrRbjZbBAyimatuy9ZbXJKFr71qXe5j1GB,1,no_pair,,,,,,,,,
7S7FiMeBt1rNENww19XvP2s6gGsczRCJsFYooWtXjHa1,1,no_pair,,,,,,,,,
3vGjQ4GeLmBmdQ84YHWzc3pL8he9ykgpXA6Hy9R8pump,1,no_pair,,,,,,,,,
3EYBRzGPtB2iWZiL7nDUhFeVAAGySzs7HyqYtv2wwhmM,1,no_pair,,,,,,,,,
8SQ8meJP3dcMqavXyKc6PbFsXY7UbcVWgk58EAyApump,1,no_pair,,,,,,,,,
AD7dg5Pewd5KrNRdiruRqwYyJRijnGf72Q4cQEzEYimA,1,no_pair,,,,,,,,,
4DgqGLcjHNeGd4S7FUjJiELbXYo1Tx68CPJYCZpS4obe,1,no_pair,,,,,,,,,
8aNJcVSpmBDbHZCdEvrPrsm3JhkgyzvNMFWqsWibFsFu,1,no_pair,,,,,,,,,
4peG5vF6VXbUt8PPA5LDbtdeRAPBGGrspDMW3ot6TdeX,1,no_pair,,,,,,,,,
ChnAKmjsaZGLqKMDr36u381gM7pvKWzBNFLseyogFqfS,1,no_pair,,,,,,,,,
9tJxSqgPycW3Lub4ESSmYgU5PXwroZasDXtHX52sYpGm,1,no_pair,,,,,,,,,
Em9zr2tgSmGgRbz3kxyQeRXjRi9oc13wMu6cKam4zWFW,1,no_pair,,,,,,,,,
CJNSnbKGWjyVyawZJiFhmdgtSSu11HAMZ7YM9x9oYbwV,1,no_pair,,,,,,,,,
6atKZkgmc4iCYfATg6Ewc7NQQCF4fwi2TGapExtHpump,1,no_pair,,,,,,,,,
CRx7gB6i83CnbcNTseZYvXgUd8QDYyFJaKG6H6pkrCfE,1,no_pair,,,,,,,,,
C3bwM3HpEPzNsY5DBfZEcXywxyko6mpRAVFNXMzB1Mou,1,no_pair,,,,,,,,,
7vgnnnNk8T1JJw1eN5XX5MK8N2DgCk3fg54oQd68pump,1,no_pair,,,,,,,,,
9ZQHvFSeitBXjBbiyCsR5fdoN29pkwPMh4MHq4avz87m,1,no_pair,,,,,,,,,
3yDuSAcFX8mVbsNcRvbApd6tSvuALTb6MZNwavUy6Q1f,1,no_pair,,,,,,,,,
st8QujHLPsX3d6HG9uQg9kJ91jFxUgruwsb1hyYXSNd,1,no_pair,,,,,,,,,
6pgQnTeveR91yAdaWoe4NqR2ofjVBQUUdNXrcaXfiqkU,1,no_pair,,,,,,,,,
H7ggjjAzRjEdwgL2cibEL2tRpKTevPtgenZKLejwifDQ,1,no_pair,,,,,,,,,
8uwcmeA46XfLUc4MJ1WFQeV81rDTHTVer1B5Rc6M4iyn,1,ok,18080.73,5.36,0,2,0.0,0.26,16466,865.31,raydium
6cCqLw9tCNEQVcpcWLfS7QopBq7vooSLwTBh4GrUiU1c,1,no_pair,,,,,,,,,
F2HpLEyZ5Gwg5kEv97WQ3Tv7D9FNpywFWGAXMBDrY3Pr,1,no_pair,,,,,,,,,
CgomPke2as4vv8p2bCbXpC1cJzB7rmKvnk1kHWFtPtQF,1,no_pair,,,,,,,,,
9eCouJKkSdqsmUgoNoNSxkgEi5meXRMwMbpw7uVbqaH5,1,no_pair,,,,,,,,,
HmjyFCA8enFGpSFCqqufCtFnsxqTJRGwfGYWFfFbmAxU,1,no_pair,,,,,,,,,
8CQ5xR7ju43vwWViKCw82z2V9CMk69t9c82swQrofeLe,1,no_pair,,,,,,,,,
BBUyuNjKsH5nnMEwohYExH7nZRsDTYRjd8KFDoHBYUfi,1,no_pair,,,,,,,,,
3XpRCHuhXgcca7ki4jzXBqPjuAXhBzWtZWvkEHa19hTh,1,no_pair,,,,,,,,,
8UQqeQFigN3C3q7VHdqpTU1jtLshKcQCMikunNGzVbhn,1,no_pair,,,,,,,,,
2qJWsCUUu8Q37PFM87MXNY3rRGoJRtZKop56FSRRthnZ,1,no_pair,,,,,,,,,
AwZ8hep1THM3FUfb4VqBc9tr6i3y77AUhmNo5L6pWSrP,1,no_pair,,,,,,,,,
DL9VkQf6SXeUFohodJMtr6X42gDiW3tfH3cEk5sXQBg2,1,no_pair,,,,,,,,,
9aciSHxAGErmyzaaWaG2s1F9MuMVPMd2dwnG3v77MJ5A,1,no_pair,,,,,,,,,
3pUDsmhCHTbYf75T93Cou43FfRDzA2LPTfTLM19XWKd9,1,no_pair,,,,,,,,,
7xiejkN2bcyGjDeexZndhfYss6wdCP9wRdoRhvduv6sV,1,no_pair,,,,,,,,,
J5P5BQTiYuTCBUJh2kTMhgbMhArR8Yshfzg8FGv36GXK,1,no_pair,,,,,,,,,
AvPuZwY4hyzXUnXUBwcGeymT9yDPhPi7dzK1oxFrZTm1,1,no_pair,,,,,,,,,
81D7sLUwHYdBQBhjVwY22jdSPhDghguVUoHY8YDMTKC6,1,no_pair,,,,,,,,,
G7J1iMcqocK6MMNHEBqJythducBWQ9ZqtEpbSMn18oJQ,1,no_pair,,,,,,,,,
DAeLTuBfpNnYJKNCJjGPm6wBpyR8hZuq2g53EaekpJxm,1,no_pair,,,,,,,,,
Evco2XevgEMvPgZH9phyccg2BrVRC4GiiAv5S5RSGX1T,1,no_pair,,,,,,,,,
61hNF9wUW2YfxfCoZ2dUPAfipZpkN32bJqScBebP7tqU,1,no_pair,,,,,,,,,
9VgfFUFkGGrRePvpKLPkp9DR3crRepf6CJsYU3UmudtY,1,no_pair,,,,,,,,,
5vELiNq5Xpq4ZZXD2YeXgVgBXq81vZDyeYXtZDZhJo7u,1,no_pair,,,,,,,,,
8xTArFnckaf6doXD88U1aNwBp8KRqusbffJmj29ofBX2,1,no_pair,,,,,,,,,
HuXReUvaAnP8xrxUv6bWgc3sf55dG6HncomSiy5vqi9c,1,no_pair,,,,,,,,,
HF5uYE5McN7m4GggZWpiswM3z5wXwhdZr5B5wBmQZFuw,1,no_pair,,,,,,,,,
9S35Tw4KYBd1rm7hQrWB585zJgSQ6GnUAvPgTSsSYy2m,1,no_pair,,,,,,,,,
Tgkv2UXegANb1UtkcLsLta3WdkEJzEL2KjgJNUiqRnz,1,no_pair,,,,,,,,,
E5qNsCX91wqnLQQ25yEHTo3eujWGtqLe9daJvejRxikc,1,no_pair,,,,,,,,,
St9Y8CmxVJU1yw76xDFxRAhGdkFgUCoTamcUDa563xy,1,no_pair,,,,,,,,,
DHA5JUS4NosFoEiD8abajJBMi1XMNz1etEoKPG1tzbkM,1,no_pair,,,,,,,,,
CELHRZidWcczuTmC5c4ZaDsdwqPJnyo3Td7RWnganh57,1,no_pair,,,,,,,,,
8C3sRWnqToyjM7enYzatQBf1eyUbiGqHueXT8E7opump,1,no_pair,,,,,,,,,
5tEWZXCBAhJG4q9aSnfads7FDXUocCTWrbUQGpBP61yT,1,no_pair,,,,,,,,,
GQALCZX174HkdPDu5ZCMHyFFiTABp41y4Lu7XCNDjQBA,1,no_pair,,,,,,,,,
Fw2XFyfqm7p5ZCS8vmbnyVip9vJSgf2iqYDb9PgjhEj2,1,no_pair,,,,,,,,,
4XGc8zGLdNNRaQaRee3bRCD9pvb7Mq6qvrDJBEhubjU7,1,no_pair,,,,,,,,,
3GVdr67faEyeHwV4KTGstoBNjzA1NcMgUSQP3Je1MFuC,1,no_pair,,,,,,,,,
54sRNw257oQTCiPc78Eh46yyK2h5HkeUdMkdCFBKpump,1,no_pair,,,,,,,,,
6Ja1x33AsG1V73gXYgy8PbC7XMYEjHoCqhggaeyvepuZ,1,no_pair,,,,,,,,,
6Vy5m7FQ9XWJwY1yci3hW2ppRovho3Tgx4QSYJ3Bki3y,1,no_pair,,,,,,,,,
DtWz93pDUZe5cYqBFmZjXq1wzZqZPygCeox5d3ajpump,1,ok,12801.98,0.1,0,1,0.0,0,9334,675.6,raydium
fPsMrajfcn9LKzvKgszZFnDcAB2EsydTYKLd5mnKhwE,1,no_pair,,,,,,,,,
3jyiXJ9zi4B8j6EXvdH6pCKTJsYHWvzN5nY8Mecbpump,1,no_pair,,,,,,,,,
CqmxZ5J7ccNQKxFnic79VZ48p4EeoR8S7m5rtvGxdQjP,1,no_pair,,,,,,,,,
CkSt5FC7gE5cSYYBoLEVgMew6X2F2eDWtjmBeHGbpump,1,no_pair,,,,,,,,,
emk2QbqPxCXipwNUYsDgTzpUQqHocVYwQvsfZmkRV9S,1,no_pair,,,,,,,,,
FCJa53YRrnzhSD3rEF4pdiWeTqVJEaTZun2ZvFpGHLZT,1,no_pair,,,,,,,,,
GxvnV3BkeEPm8rkPGaqj3UycjNvYvDBnxhWcXx6nWqDw,1,no_pair,,,,,,,,,
96NovtGWeJy9csmq5cA7myKwNPqibTgUcnQSMGMDXyXc,1,no_pair,,,,,,,,,
Hfa3uHqo9U8RoTuLHnMV1BBXhoeiGTJVpMnVxRSBa8Ny,1,no_pair,,,,,,,,,
2EuCScvQAnfKsY7zDusCZ6LCihbfbqyfurSmvRLXi1fC,1,no_pair,,,,,,,,,
5CgXvLECd5v9DRqAev9SModLy4RpizPDwwitXBvJrTha,1,no_pair,,,,,,,,,
HBgeyQsDFrj51EU8FKe4soxKPWYUamb1XpmNHCU9ErRa,1,no_pair,,,,,,,,,
9ZFjHvmF3jJKhiK9pzjo6Yt7GNJJo6NsxxWZmbsECETA,1,no_pair,,,,,,,,,
BcvcFsrhgjTuVkXxGXxhTB4Dk9WRzD2tWrEyn3ZTQrfF,1,no_pair,,,,,,,,,
57oyAM1JEyCuawQ6NDaZHxKS9pL11owdEc4WjkZf42b3,1,no_pair,,,,,,,,,
AKWwHCmKEFeSPbs34AnTgaXcHnsNKCLLLivT6LdqyMpA,1,no_pair,,,,,,,,,
EFqRGMDuiDKSfaqyut39EksSy5t49Z3kpKyNRWagfSjN,1,no_pair,,,,,,,,,
6T47QJodbTYJh1YUhuruuorb2TExso28wuggNV6ngiL,1,no_pair,,,,,,,,,
EmfUxS1mwEfTi34n6mf94pAwuVQ9We4qacLUF8hQ8HT6,1,no_pair,,,,,,,,,
1gUun5YWRBsqMeZoFaNfzk8vStnbUDV37WW5DCJSAki,1,no_pair,,,,,,,,,
9T2bFEFfnd69cpY7M2VR7Bd2YrvQEy1vse4mNMARB8iR,1,no_pair,,,,,,,,,
G9k1KFX9tYkxhh1jroa5XSLk771XzvUVaL56UkfrdSp8,1,no_pair,,,,,,,,,
739DL5AH1EShT6jRCifbkPRBVfDiwhR8BFYATmWApump,1,no_pair,,,,,,,,,
GLujyWy4hujRD7rkyLgo74Jxt1oBnSVR2sbmBvehCc4t,1,no_pair,,,,,,,,,
4yj6y1KB5JGDgJqtbiwYppVgKMvLB9JKfha3EWXFKNC1,1,no_pair,,,,,,,,,
ATJ4CQmLE1nip35AeET7ES4a8HkkuopveLekjooutEzW,1,no_pair,,,,,,,,,
GLuMG5NdygUXAt7hqCfZBx5MSctFgquyJUxmSApLPpyb,1,no_pair,,,,,,,,,
sjwXgLJchDa2BrjBvKT87YFmTCckPj2TpCCKogx1o89,1,no_pair,,,,,,,,,
7dGQDf9psmyRXyZmkguyJptaHWzKkNuZbacLHUZjs2Uv,1,no_pair,,,,,,,,,
CXrdC7JiLKvpa6CshEskorEDqkbZJjb3LJV3KUVVEiMs,1,no_pair,,,,,,,,,
6Ymv8Mmzj1uSyBhDXPoXTJRR3nHGP3goDbrfHGW7pump,1,no_pair,,,,,,,,,
HFfBhM9QXVuo1X8cWYaHDh6jMRUjdgFDixwYpZ9wFzsP,1,no_pair,,,,,,,,,
H1PUgqRyFYACejzgC3hDupNCNZtfPNyvU8H3vqA8LiMA,1,no_pair,,,,,,,,,
FTTrdeXMJtFhqa23h1oC37m9ZrsXgqcmvY8HMGiyohFs,1,no_pair,,,,,,,,,
iMLrdXnr9uctBPNQS35VE7h55Gte9NtE7nUknMgpump,1,no_pair,,,,,,,,,
BBGPgHkZTfLfwKM2VsRLGPn43R3qztmDVCW3Dj17qAP4,1,no_pair,,,,,,,,,
FnjfiPE8Q1n5DnYKsT1WZ9ZsUVsV3TCViwnep9mu2TLT,1,no_pair,,,,,,,,,
2TxM6S3ZozrBHZGHEPh9CtM74a9SVXbr7NQ7UxkRvQij,1,no_pair,,,,,,,,,
58JwWVoVxyrQmQwoJmYb8z6j8k9Xr38mo6Zg13eHzVAP,1,no_pair,,,,,,,,,
CFfg7RTXmngoLGaiRtPniFxdyC6hUZhLtxGabdDmH3zH,1,no_pair,,,,,,,,,
AinUd6B97bsUD4dJgq3wwjHGf8DNYKo6rRaN1jsAdxBn,1,no_pair,,,,,,,,,
8mYj1Hv3MwsjTJdDFdziXiXd8MFgGoQcAPwo7PmJsC2C,1,no_pair,,,,,,,,,
3bQriuifYwx96iUJwbXKkc8R1cEMJC1xqiCkrWuqJB82,1,no_pair,,,,,,,,,
8ogKrqm6ZWChpGjysSFXe1fexfjWQAREqA9Fw9pwpump,1,no_pair,,,,,,,,,
J5iTL6j7d3xv1fvkqetTwSRa7EGFxq1G23btz2ruqTF6,1,no_pair,,,,,,,,,
4BYNAVYbZrReQZDwVXyfPXg8Rt24m8jMLYaMzL3goHsy,1,no_pair,,,,,,,,,
4NfnqaYxmEEqoncPw6FXuWoqPbagcYfSCeMsEte8A8ej,1,no_pair,,,,,,,,,
FiDMyKNCiNkeUWfokKCVgRNRYdwoG5qtVKmmasRcGSZ,1,no_pair,,,,,,,,,
3uQ9hdBdJpCDGn5HM8PdVSksFcCUtr7tmgDKFV7dPkix,1,no_pair,,,,,,,,,
H5W4uC77GRWDfSd9wQPxADdE2Apoo78hjKgEkQJ67ANZ,1,no_pair,,,,,,,,,
5WW62msDX5zWTEiLXw2fNMiktCcoztzq68CaEeT9BGd4,1,no_pair,,,,,,,,,
5bLr3T9NfbHghfMCLV7G3RQ9D1x4V3ZyEYLasADmpump,1,no_pair,,,,,,,,,
FPyGheRDMfqC3SwYa24Wf7oDaxZAs6K8ZLVGB1KZcm1k,1,ok,11530.6,37.47,0,1,0.0,0,7956,831.88,raydium
HZggFwdp2S9dffA1VQDkCdv2jjL9mybko4LVZCeYyyHi,1,no_pair,,,,,,,,,
6fGfcWfjGVGdN2eteF2S2sjWLDkM3Uh8H37XgL721zXn,1,no_pair,,,,,,,,,
9W3PK4EqFDAcYzVncCvnKWrgNiT9ozJbqfAa7rq7pump,1,no_pair,,,,,,,,,
Gvci2PgyCZBHdBKcjYymGXQLLSEyo9bB94WSCzFXnuvU,1,no_pair,,,,,,,,,
qQ9k9F4nL7PZeHn7BimegCRijgpmz8zSEUQH75F4JJZ,1,no_pair,,,,,,,,,
DvYR2nNEWnYr7YscwunCh3WeXakvtYCzxbk7Ezu1qGvD,1,no_pair,,,,,,,,,
7ytUJE8NiGkx7d5twZ3nmruErTSnEpfatosmhnnzEizH,1,no_pair,,,,,,,,,
HFVnDJocPMsFHUWEBiciAwWkdWanBexdxpMUHE9npump,1,no_pair,,,,,,,,,
7godQeSAZYtvTbsUgUaqz1B3ZbNoRXCK1n6tH8LAEgVW,1,no_pair,,,,,,,,,
AqedGopWZMbLP9CiW2dDrB7fQa4LSsgejF4fwy7qrkYu,1,no_pair,,,,,,,,,
DGUsF5UYJLmCUVSnNTkyBXqqFZG3KmVifCYsrCgVdrFi,1,no_pair,,,,,,,,,
CX2WxihyHsyadJWRjjS8VL3kGFmYwrkdt2WUfqVEeBV2,1,no_pair,,,,,,,,,
EMGU1ZtAJaT56CTMsRfuP6xYLtRapf5xj4N4e2GATboc,1,no_pair,,,,,,,,,
GdxGoKFJv7YpLyeN2GCHNXiQS3YAvUCDcmcEPDXe5iQe,1,no_pair,,,,,,,,,
Eidnrz3yTWMh76KWDUoRh7sVeL2diAeXLaeWMBVpGMeZ,1,no_pair,,,,,,,,,
5Nvo3o9h3WQy1LnLUfPTMuNCSTssi1WaW6ZJ8kuapump,1,no_pair,,,,,,,,,
8zL35ezxCAzBcGJJwLnasQ5Bd2AsJMjajmdk92DcRVeQ,1,no_pair,,,,,,,,,
8LHmQeSUGmi3BR7S7dw6h1GxSSnBoQ6wjnGrx1Ycbonk,1,no_pair,,,,,,,,,
3khXLD1A92LmEKZUskF862RVk5nr2dUienUzt9CyvpXA,1,no_pair,,,,,,,,,
BZ5hNBbKrrNPxVwKFmosuLwpGDFMKUJ9RiWrCXBTpump,1,no_pair,,,,,,,,,
2Vya5VxktvVZrQwchhsdxJYBgMemNn1kDFByn2DvyuXP,1,no_pair,,,,,,,,,
XMhMBEuZ15dmTVNteVzWfLwZ17hSXo2dUf5A98uWp61,1,no_pair,,,,,,,,,
HgbquF3uRNXcNNcuQPEQrbCfQfGFDCJDbWustK96ifHb,1,no_pair,,,,,,,,,
8W2ZFYag9zTdnVpiyR4sqDXszQfx2jAZoMcvPtCSQc7D,1,no_pair,,,,,,,,,
XTLnr7UyH4Tp9x27UMj4efrCo88PkJZTvF21pxFJbrc,1,no_pair,,,,,,,,,
8DWpYLMbNBw9ofZFxzhATf7sN23wZioJsCbhLuhW4ZGk,1,no_pair,,,,,,,,,
27FZxiHCiRbhP5VvG7mTxe3wgZU6TLZqXJNYUQGSczbb,1,no_pair,,,,,,,,,
3xVf2hPbkE5TuZNUPLQXFgFLD4LpvCM45BodbPmnpSSV,1,no_pair,,,,,,,,,
3cr3JcPBonzLdMZsDCReo4yGzcwgoSm7qWTvDVrqLsNQ,1,no_pair,,,,,,,,,
8UEGeT6iSbLZtqx3FSgjDfFTJexwscs8UxeffLy2pump,1,no_pair,,,,,,,,,
3rgPisEcCDXYTfxWYPSrgjWYuLuXvHXRP7BEFrVMpump,1,no_pair,,,,,,,,,
2p5NZKoQLjLx5szvfmUstoZUJMsN1qRhYiipKx4KW18s,1,no_pair,,,,,,,,,
BMUyYisvRrkPBo4wVZ8PnZij8PM8VHjcaXTo6pVD5fdG,1,no_pair,,,,,,,,,
3xNxXdj1gn6oFsCQP5hRWb4ijF7qasy63UvAZUMcrzuP,1,no_pair,,,,,,,,,
GXe8xY8SiZVjaNjcR8NaFjdttefso789GHXL3Uc2pfFT,1,no_pair,,,,,,,,,
8jSq1cPiFZSgWndDBJ8Mb6hX2BF7Z63coiLfNK2Dd2HG,1,no_pair,,,,,,,,,
9u3FhyM5P7SKHRCsXMDCycgPpEwXGBs2TuyFCni6BMQ9,1,no_pair,,,,,,,,,
Fh6RLkMdHCNEJ2mAr8QygUbJ7S9vmqK7DhMquSQcAq46,1,no_pair,,,,,,,,,
83q4iayUYCj3m4eBUod7EuF6BGjpYk7M46DbeE5sFmyi,1,no_pair,,,,,,,,,
HFQrin54u2iczGWWGNRTmXcJmjjPkxTsLYnYMcsGi5b7,1,no_pair,,,,,,,,,
5i5eCNEm7dW21cVs4c9s5CT1VYHYy6nwLdvDPqPYpvw6,1,no_pair,,,,,,,,,
JBX47jAqUqoXT9wCKJAb3hyG14CmGHyHG7VrcAYopump,1,no_pair,,,,,,,,,
MAbXuoUPSFzszLFpv2RQL66Jjs4jCaBPXkqqVVerLWb,1,no_pair,,,,,,,,,
FL6XicwNJJV4LN6SoxR8qBhj3CVzLT7H6itE82xnPpJq,1,no_pair,,,,,,,,,
8rqQTGqsv8ostg3yinKwdfSQjT31zE1TtizcK8x1dteT,1,no_pair,,,,,,,,,
FLRjZ9f4zS41W2wqodn1eKYkJzMkAQ59sjbDo89B36Zr,1,no_pair,,,,,,,,,
DV2TCTbENV9xJ14kHC89qd1w2KZB6efvZKHNRpoo5cuD,1,no_pair,,,,,,,,,
7NesnoABLpZzAjyJdGohX446A86yeJUBt6Wyi3rgQ8c7,1,no_pair,,,,,,,,,
4cra6VGCDowfFz3HDz5ctXtCSAhQQ5FEscKMLGzB56ML,1,no_pair,,,,,,,,,
4h4LvS6NsVjZ87uBwrYyTeppTm1ii5PtRN9A6Ld2kZjw,1,no_pair,,,,,,,,,
E9jnkxHKKURapGJBTWJmi8LeTeizbHpq1KP9nndVpump,1,no_pair,,,,,,,,,
C1kfzj6Qwn9FL8rYRQ5V7bsfATMxXcTi399j4WGD4ctC,1,no_pair,,,,,,,,,
Dw4ieRRkEkFD4iFu5MHq1GY7XdtMMBoCppnAVFnok2Kr,1,no_pair,,,,,,,,,
DbbV2kC16wru25E22iD14gUBDti8nSdsSxmL3GcPJqP9,1,no_pair,,,,,,,,,
FAgnVMKoypjhc8xcAaNGXL36s4UpfUnQummVrwj1FPkY,1,no_pair,,,,,,,,,
3V3LEMQMCmw3KycG8yqSXqLtHpmjHiDvCNJ9xaWWhzfE,1,no_pair,,,,,,,,,
4k5DF6CAe1QehmjoQbvSvBXx6L95roijhwjFHN4nkf7Z,1,no_pair,,,,,,,,,
3fq4H56Y365C8Yv27ji6bwQ6z7yziZwMbx2VkbpGm7rX,1,ok,6846.71,0.16,2,1,2.0,0.9,4850,786.84,raydium
DNK3ZhMorueEGHUUbRTQXxD1TaRErAhqjSo6WCKa9Vqj,1,no_pair,,,,,,,,,
BbKz28mRVHnkpdLvvuAHWgRAchLgbBi6Sak8XPk46z5X,1,no_pair,,,,,,,,,
54S1dN4S7vtXtbZbcf2n5Xe1oDrAHVrJDkpg8jspYw62,1,no_pair,,,,,,,,,
91oKbA5LYzfzoiayXRDXRWjgYK4fyqe9AaTrQuSczAN3,1,no_pair,,,,,,,,,
7Qn8ZF9MxPKGEwFioLmrL1dqZhyYiGQ56hQ25R5rR5Bf,1,no_pair,,,,,,,,,
7NQVmcGqfaUHmoMwzqyNWgfFBnwF89yDKRMRW8LKC5hU,1,no_pair,,,,,,,,,
HAgX1HSfok8DohiNCS54FnC2UJkDSrRVnT38W3iWFwc8,1,ok,25766.34,321.79,7,6,1.167,2.08,70685,1374.92,raydium
EduG789eA4SU8gm2ZgrnoKZ6gsTcmHUz4cQSiQgepump,1,no_pair,,,,,,,,,
5voZehVzw4NX2LKEmgAS1wfWDitD9uP5VUYY7ReKgrcv,1,no_pair,,,,,,,,,
Dt7VcPmJMWNApPXUnHRZ4pxR9goNPmiSavx3T17vNUWa,1,no_pair,,,,,,,,,
7BLafRjvVAbbEot14trYSfEZKqNPT6q7dZ9LJQZEinzS,1,no_pair,,,,,,,,,
9u7t45d4pmeh84VwjSqW4rSnce8AwxDtmGp54y2j2sL6,1,no_pair,,,,,,,,,
F2tNSjeki9Uhyt464HtYhz84GhdjMCG8KBt7zirB2Vvd,1,no_pair,,,,,,,,,
93VgtDu5VNXJyubaWzEGTUAJk5zgxXXMtrDDsXEegcXE,1,no_pair,,,,,,,,,
45WpPcAcFvbuxq9Poe1bp1huthtWpsMq5H7TrWdBhC1j,1,no_pair,,,,,,,,,
EVat2qkbd6f1z7HcaWg9gT688MZwk9wYYoXpGZqjHEbt,1,no_pair,,,,,,,,,
HaiW3sREgaydPG6M67FeVugMoh4FquNCKfWmt7nhD1Mu,1,no_pair,,,,,,,,,
4ioz1uZjo4QwLRiHBNmRNo4k7mLdDtdcHQTt7PSUYPBJ,1,no_pair,,,,,,,,,
3PLEcmEtaW3bKmpyS3sm1CkRNSNKyG1tFbU1WyfxaJ2z,1,no_pair,,,,,,,,,
HHi3PwfdaGx9t21zYsWpbPzQ9L18D52vNuTAmJQPqQbh,1,no_pair,,,,,,,,,
2L8AQQ2t7syCAREXLbMXu7QgyGn94vooc3TmWb1zkS9H,1,no_pair,,,,,,,,,
4b2hG4WM3U6kj996oxKEEgxaYQA4rDj4XdVWKoevpump,1,no_pair,,,,,,,,,
8gTaMJJ2x87mjaKffZfJNAfFoU5haH9aBMLs7c8ZovF5,1,no_pair,,,,,,,,,
6gv9BX2dncvhyMh2awyVGfYXWbrDFtRokUxYzFQ5hMmE,1,no_pair,,,,,,,,,
DTz5HwpSMrXbKyXEU32h3LzScv9Sh5F3rXDHsMEZmEej,1,no_pair,,,,,,,,,
FhUd7hPcnrbX1ki3EEu5b5gptibYB4xS1UidYL6azuQN,1,no_pair,,,,,,,,,
FaDjqmrumXPwZcA2J9MgEAN5t1dyXKu8zKnvLfXyf6bP,1,no_pair,,,,,,,,,
836t6Q8fR6jTCign4yZtCdWSCuKpbSLr49wZ3FXum2bY,1,no_pair,,,,,,,,,
DKzMQscNBZPRvLcxp49AUhsGsPJLEUwZ5Crm1Be1RRuH,1,no_pair,,,,,,,,,
3cGS6DSpSCJRbJKm7dm9vLMM65y6FA2yHH2Bz1aTiEr5,1,no_pair,,,,,,,,,
6eBpNnhw9tUoSBU94PkqpGCez6DGSqcfHC9qr99h4pVp,1,no_pair,,,,,,,,,
CfzXjG5VCQqZ7H7hxnoZZpA1MdcGSThcm6aaipU3M46K,1,no_pair,,,,,,,,,
13xX79cU8VVnMUkidNaQhsHZjRb5Zzn9ZBYwMGFU814z,1,no_pair,,,,,,,,,
D1XSk2doG26Ss6JHeqKPW2seeMvV2nNpMmKoYYzqG4xr,1,no_pair,,,,,,,,,
9WGQLNfKAe3Z94Hpwcx3DMUmXUWU4nkL1ZSA623qtXWn,1,no_pair,,,,,,,,,
EonBsHn81ztjiRboQAFFfQZeYvNLr2tAJ1fbNM4a2diy,1,no_pair,,,,,,,,,
A6bW2LCHaRQHk6cvxoyhg46GEFKuHwfxY8CmeZY5i2Mt,1,no_pair,,,,,,,,,
DvMzvhUqdnap3S1xcLhipc3t7e1hZhhsAiwHd82jBEKN,1,no_pair,,,,,,,,,
HjzvFgAYimLNxg915dH7mN1qUFpya39QdmqU4iAWgVoP,1,no_pair,,,,,,,,,
FjS9f47w5TahkuHwhv7Z7yGF7qMqHk3fSuJ8YrgttZgu,1,no_pair,,,,,,,,,
6MSuyCwGsSgMGXuuSM9dxfYg3RMJJF7W4xzWAz2Vp5em,1,no_pair,,,,,,,,,
7Mra4ZUXsbeRfQfbjGHqJQfh734vq31G5K4Cy4necgy1,1,no_pair,,,,,,,,,
AQMXSTCJWccf1MsMtpgH8MvExh8LMMCsYKUU5dT7pump,1,no_pair,,,,,,,,,
89KKnUwuH6xwY9M3PLHiUGucpNnJ8AnBUVkqK65b5oMm,1,no_pair,,,,,,,,,
3c656J1R85vzSnQqXFWTLDsxLrFZvPi79TEEKX1Ypump,1,no_pair,,,,,,,,,
PLAYksa6tUu2kGDRYTVNLBvSXh8YENT2bkwrexs6yYV,1,no_pair,,,,,,,,,
HLavjCoo4ksjuVGNA7J41QYA5vWCsTVFhTEDj4WG8TSE,1,no_pair,,,,,,,,,
3gKCLBNYzAMhFB5pZVBPHj88mgmR3TozoPpW26Lkpump,1,no_pair,,,,,,,,,
AtnTQJ3GooYHGjHiuVVkd4vCYSEGkt5rQYcSL4RwhYGR,1,no_pair,,,,,,,,,
3a6TNXrKfz3pwE6DRRb9vHSYNziiLxe2GCZ1sFaV2fnu,1,no_pair,,,,,,,,,
3NbGCSJTL5RAcfuDW1tE7kBVfGbU6jFZt2XCtAVLRk6b,1,no_pair,,,,,,,,,
TMEvsrnGfUVQEBAFnQhC37jg27Nm3CLxSQyNi2duPce,1,no_pair,,,,,,,,,
FSM8TmWxGFUjM7Rs6Wt9DHx3ZQAMX6vC4bN8r5PjSvE8,1,no_pair,,,,,,,,,
GDBVrsfRXu94fQAZgM1Maq9wuwhgRs4W1PxskhxfpdUL,1,no_pair,,,,,,,,,
H2kePwgw3WGamA4s3RntkWV84uATYmwzAqUfB4hYHpmC,1,no_pair,,,,,,,,,
6RymMLvwp4cfwb67FNFxt5pSsvWYDjnReES43BVKhjtK,1,no_pair,,,,,,,,,
3ZcyC6QbPgwrs7rpiMgJLdjoYDEB3Pen4VXn7nMopump,1,no_pair,,,,,,,,,
GM9iDcsma9q3P5LKhoyVwFscjxCaWsW87gzbSxPU1Goa,1,no_pair,,,,,,,,,
4EH1hLemwJbXc1pZxsY5SkwFDj2pjecgEGmw5qybB8w4,1,no_pair,,,,,,,,,
7F8Dh2kSD8UQhBMFWfuzwbvVxnoHHacovYeEgJ1rkoKM,1,no_pair,,,,,,,,,
3tQ9mdkaDxRD1ArSaBTvHaH9rmvXX4tRvbQLSHaA63pR,1,no_pair,,,,,,,,,
dncErdYHmYfVXejFhTwyfXHDeBfFCoF5ACvZi4682fN,1,no_pair,,,,,,,,,
3sRLJ81DHPGpqLw2WyPGbjmMnpLzknsi4ke4zJXcPtgP,1,no_pair,,,,,,,,,
8e7K1DP9vZPrUdcvRDtuWToGZkjGeC5ymDpaGW3Bpump,1,no_pair,,,,,,,,,
DPjYYD2ZgTXVGkAgPvrg2kNmntauW9QHjroWarmFZF6e,1,no_pair,,,,,,,,,
5M66rvewLkRiwyCi5XaVTHGaoubWeVoAKBB97wPtTfbL,1,no_pair,,,,,,,,,
J9RDdot3pGV7b6XENw3PcDSQeYSyejnf1yJFNNLNsdD3,1,no_pair,,,,,,,,,
8wwx459aqoVKXpLnpP6qvkYBqobhYUNhLQhURWXEpump,1,no_pair,,,,,,,,,
PDVJSyYGJuTwywY1tNNpLEuGhGkCP5Hdw9ku2U4NrQc,1,no_pair,,,,,,,,,
dFvgphCPAJQyc95f2Jh5WBPiJ3AtsiFm1xVcXR8eRce,1,no_pair,,,,,,,,,
34MphWDvZeTtZSjkR2R3fRWCwQgb1eGdvYuFEJMfBb44,1,no_pair,,,,,,,,,
4HEN6QcmzjGfhSgpyyfTsE7ohdamb5jMPHRg2RXapump,1,no_pair,,,,,,,,,
DpCzuUVptrvEquumfomwJQjWrgQXXDN9Ar217oGxcohe,1,no_pair,,,,,,,,,
Sv6wUsdmKyGgmoHsjEG9BNo8Asv6X2pfBCDgtuwpump,1,no_pair,,,,,,,,,
J27tLNrnris2nT7REQwv4B4n7G1d2bgEJquVo2ND8SU,1,no_pair,,,,,,,,,
GnDeUtaCx7BMj4sMTks5nqEVwmRDtsAdQzbQykwwpump,1,no_pair,,,,,,,,,
Axn5MtN3wx9Fgf8n6eNk8XDs1TAcBwDGd1Qt9zDj96bh,1,no_pair,,,,,,,,,
9NVMUzLWAKp4eWdLraru9ZszvePMGrXzfQYcLHukCnMc,1,no_pair,,,,,,,,,
7n6KAL6AVq1pKkbYJP2bRBSYQ2NQRTUd6K5dn3yTG5Hc,1,no_pair,,,,,,,,,
AudFvjMXQsV2G5k6fv4RsHmUKtS8QDGtY8K3Bqpnpump,1,no_pair,,,,,,,,,
8kKH5LcekKjtvXQLTdUcJchN6SkiuTKG5zHbTBBJRg2M,1,no_pair,,,,,,,,,
9WzAvvjQ7nH6jkPKMRmnTbooyQpbkyCqRHyZX1Nzpump,1,ok,7357.53,81.88,1,0,1.0,0,5231,812.09,raydium
DAw3nbtPFJRCvhJp7orrXLYf6T6ALQDYSc92G84ZYpss,1,no_pair,,,,,,,,,
5fvJtFrH7ki7Guwvjo5LMG7cZkCajpbJN1VuQw4JjKso,1,no_pair,,,,,,,,,
AWLg95XpRc9QWESmNocbCjmQA2bQtPJZy5zZwNKeec8X,1,no_pair,,,,,,,,,
EsLVBSCqghAW1NJB2EWJyo5Cbsex55GRL9oCTaf7uKtZ,1,no_pair,,,,,,,,,
AxTk2EPqGw91YPGSTB5ScE3Qj5eyCqJRaCZgcasBS6Le,1,no_pair,,,,,,,,,
4167KgmSNKHda52kwmx3H1xM6TyJAc7fSV9bLv9bXTbd,1,no_pair,,,,,,,,,
2Ab8NHyKms9Tk6e4r9RRrhzR8vhJCdC3dn6SdPsfEwmf,1,no_pair,,,,,,,,,
EuNQop46w9cuiZBev3RByTMCJux3kN11FnJFxVZdEDpP,1,no_pair,,,,,,,,,
HxAcfV7XPUD8dsWt4gUvwXww8ULfkaPrAMaskrJgpump,1,no_pair,,,,,,,,,
4o67Pazc9fNqEfQM66xqWngw7WdAUzsccdpPmKsANDg1,1,no_pair,,,,,,,,,
42JYMQ3FaiWwPAy6HvSCRGcDr9NwjCzjAszr8qkkUucm,1,no_pair,,,,,,,,,
HCxxSYJ1VgsjoRptjTLdxhiZKeSfLZasoLxzmL3z2pnt,1,no_pair,,,,,,,,,
825aoZHMEm1pXgnCTBBhXiNTcLHCi3WCJNWyHJAPqvtD,1,no_pair,,,,,,,,,
GJAFwWjJ3vnTsrQVabjBVK2TYB1YtRCQXRDfDgUnpump,1,ok,1394654.42,67900.44,894,886,1.009,-0.71,9562713,683.75,raydium
5iG6oEheEk9NMcJReDKgdo6RZcxZtXM6XDBja8Nipavu,1,no_pair,,,,,,,,,
Bs7H9H2y7bLH4x1G2CWgFxyGwQjcmhGg37GAdHMQRDuR,1,no_pair,,,,,,,,,
3tufgkeBiKUq9zJYZiMDYM68BYd71HDK3esYhfUcYJUy,1,no_pair,,,,,,,,,
8tuBxTHoYQ9qLP56SJWPeVs7cZadPxwNLQHu9iDjLutQ,1,no_pair,,,,,,,,,
CR39NJGkxZLL39vfQx7aufh75JvmSiSxp1tVfbmrzNxj,1,no_pair,,,,,,,,,
A6EjZ7vd8iaoWQ6Sixm3o1txbShbBrPFqqerh7AYpump,1,no_pair,,,,,,,,,
6SMnyuzbhMMoJEN1GTKja45LFyaFg71EyXyeK9JmVrC2,1,no_pair,,,,,,,,,
EMNdTqUnKuVsMnZX69ALzzZhjxzXnHXMgFvTgjLGpump,1,no_pair,,,,,,,,,
HMyZzjhkEMfB95sqv6Wn7rSmr6NowW83BaYx344rrjUV,1,no_pair,,,,,,,,,
Aaku3Vy5m3eBXXcogGQzvhKNJzWEGMcfosQUVyiN82LF,1,no_pair,,,,,,,,,
vPtS4ywrbEuufwPkBXsCYkeTBfpzCd6hF52p8kJGt9b,1,no_pair,,,,,,,,,
Gxf4mcg4HRrxivtwx99eTphfignCRbgUiLxDmeuEFpuq,1,no_pair,,,,,,,,,
28LXg7fF28mquc9ymQ7rbkwSi13z5YB9usKquYNYaLzG,1,no_pair,,,,,,,,,
Hi4WKXqmeoNVz8Nf7pxCCQrdFfxdLDLGFudHXmV95oU9,1,no_pair,,,,,,,,,
AVLUnPDqmKpiuubxNm2d51G96v4ngFkMBChtqLL7DfoQ,1,no_pair,,,,,,,,,
4toAnJQDXCRL4dAvC1TQhUg2sbX6tSZ1Zw4f52m64ej5,1,no_pair,,,,,,,,,
5m6dspSyGn7ix78JDmKrQ4YJw6m7PEPFfhe2YkYm9yfe,1,no_pair,,,,,,,,,
9UqHUA3xmFTWpuRLxEbK4iyusj2eKcM1os5TNuf78qnD,1,no_pair,,,,,,,,,
5E3kpN4vwHmqLJJXSnLwPsdK5HvDfJT5qHX1jV4mmesA,1,no_pair,,,,,,,,,
4zvRSFvspMiskGyd1sG6ZVZRtHw4cGzGbuenwkSxbonk,1,no_pair,,,,,,,,,
6NWmM1A2S6xhy7eUnbu9mboqZxkvhR9nqjRDhRrk9WLR,1,no_pair,,,,,,,,,
9iZysfhgUoMs5HMUqcnSNL81XBgFVHAWksg3g8VyWphP,1,no_pair,,,,,,,,,
9zLJ5WjDwdCFj3U49T2CAKwXjCbfuLekv3ACMe11aD7a,1,no_pair,,,,,,,,,
opiumu8q9RfhP6ZzR8Rz2us6z5Wm3vbo2ttD2XqKeAV,1,no_pair,,,,,,,,,
7xLoVscnsVxDQKCA6D3xJ4MKumSKQNirwBJ1UYXEs4NA,1,no_pair,,,,,,,,,
BhFzFSG2YrJfkB1yLmdJQrqTpSw6ae5gdcUGgRkeqjRh,1,no_pair,,,,,,,,,
7kvwLGSo9HkamnQSigZDz23Ydvb4D55Lm7qjFMJUgu3k,1,no_pair,,,,,,,,,
9Ttyez3xiruyj6cqaR495hbBkJU6SUWdV6AmQ9MvbyyS,1,ok,16622089.25,17.72,6,5,1.2,0.64,8719191,895.97,raydium
GHPwaxRu5tFkXXaSfkfmkX1xpkewyrpUxKHjcXz9fxp3,1,no_pair,,,,,,,,,
FnXSQ7He14roUVrn9aBrGZtvRpqHHMb7oCQBq5rsYpwU,1,no_pair,,,,,,,,,
95pzSHirjy2p4DzL87ZQHcd2YoYPwnRDxipMEMzgAuTm,1,no_pair,,,,,,,,,
3PdGQTYTKAMuSRCdcHWLcmNmQi9qgyQyWeoQH5DbmJUD,1,no_pair,,,,,,,,,
4ZRh3uPSkGzjcYyTVaZEV5hwUW7Bv3xT1eYMbLAMV9RG,1,no_pair,,,,,,,,,
9qyt7Q7xjU8cjhX74WBhgqsR8CFq5VLHdD8URyTXmsNu,1,no_pair,,,,,,,,,
3BiS3qiW78q3UWw4AmVEJSTLV7A1nkttP4BbdNxeu196,1,no_pair,,,,,,,,,
21A5gxbHKqSPfmgBq5C9KxpkczpM43uiVNbigFV8igRn,1,no_pair,,,,,,,,,
BSEJXiDT12GhrkUXS5fHfLV9wtcpEhAwYUfa9gPsiG22,1,no_pair,,,,,,,,,
5fr8BXDUC1pjUjwuELa5FgsZj4tcsmoV4w6ULEgWxZDv,1,no_pair,,,,,,,,,
9QWwieTa2vnW7TaXRTXWVpR2ZrtZKC1L7ijKgihK8AXj,1,no_pair,,,,,,,,,
6Yp8UH2tMiowZjqv7KPYYh2bcmMa1xJFviAeaA1TBQ6R,1,no_pair,,,,,,,,,
ETkibggUmzFDDbj1aaZJJ1o6ftoiJ69BcWh6mpfjpump,1,no_pair,,,,,,,,,
Hd9Hrq1Lonk5Hb38Bo81pGTPWVqpk3MzPAvRzJLWM9Gw,1,no_pair,,,,,,,,,
E4j88pfriagtPfbRU9ZHRYVjXYPBJaaFJCPaRzsug3Bm,1,no_pair,,,,,,,,,
HtavxkEN8XVRJqJULTUXSCkTNJM8vyKwPAuJCs38pump,1,no_pair,,,,,,,,,
2BEdvDmMvkzzBGSXpJkinq37X2fUkKbyKuowq6XAGt27,1,no_pair,,,,,,,,,
45F22Qsvn4qvRu1mYC7jUfBEQbSshN8tySsCkcz2pump,1,no_pair,,,,,,,,,
6CGDEMkGQy7FM4TNShjJMfp2b1SVYkkZs1Wx9zBvpump,1,no_pair,,,,,,,,,
HSPYLRdkd6BU1BRUKA6KHNCdWUbqj77zgZ3WiebGDLaR,1,no_pair,,,,,,,,,
2wjEgFmBoNJb965NQFZy6XGvAtddf27oJ8ucGpLbay9K,1,no_pair,,,,,,,,,
CQaVX3ZZZxHGG6mKtd6XNEkGDDsQ6vcYimBbY27uJT7Y,1,no_pair,,,,,,,,,
SLNAAQ8VT6DRDc3W9UPDjFyRt7u4mzh8Z4WYMDjJc35,1,no_pair,,,,,,,,,
HeUsnqLJLJFNs7m4QkThQ1ZhwRaCb9fFT7HtnvDBDCHo,1,no_pair,,,,,,,,,
6AarZpv8KwmPBxBEZdRmd3g1q2tUBaSgTNQ5e621qcZQ,1,no_pair,,,,,,,,,
E7j9mNHxHehaFMk8tK4p8PEVf8MYUQQqro9cjftNqgWP,1,no_pair,,,,,,,,,
5ZUHgzZW127LgXCPd25NTcttGiSxjepM9Dz42xyxpump,1,no_pair,,,,,,,,,
382Lp1LsoBtspD8mPYFXtTzDNkFPqygpHTXk2Ssbgk64,1,no_pair,,,,,,,,,
AkEhWR66m8rC8wsoFsm4ddCaijX9bMQ6xnkuVPQuLBdH,1,no_pair,,,,,,,,,
CJCjcGB6kYbU1PZCLXFACKx2jWMmTGgVNKZZLFYaHRgV,1,no_pair,,,,,,,,,
34irwLY7wGhqBv3n3CkimTZkT61X6WmHekTPpoVk85et,1,no_pair,,,,,,,,,
C7yuH1a4XHfCSBG6c6MZQuCSuKrHsCBsxHxfpMNUQ9Vs,1,no_pair,,,,,,,,,
7wieHWTF3xNpzuxVFk4YkRrpv8LwoKrQhRswjWfyaJ4J,1,no_pair,,,,,,,,,
93CRzwgrZsHmXjS7T9GadUzZkyCoXerF9AgAcMZ3pump,1,no_pair,,,,,,,,,
4sjEWKTSHtDWBqUogiXoggBcKdo3sFi1fo6QBUD4n8zB,1,no_pair,,,,,,,,,
BzgdNtpUfwM9N2R1KqUn2gBaJbH3QswMNue5U2g8eHiP,1,no_pair,,,,,,,,,
HrrL6tduxt6S6XY24RgXVt2MiVqRsrsGecWnifCVWYHT,1,no_pair,,,,,,,,,
DTyJBKueirtqRfKBgAngCeEnAW3W4LkkSjA8L2eDFmsH,1,no_pair,,,,,,,,,
6M5YzWp5DfBizLBGABbqncX55oSbd2gBNaWAkB5GTah,1,no_pair,,,,,,,,,
8hBZCaXXamexQ9x5jTXDm7PpfvGEmSuyweBYLrC8Z2JP,1,no_pair,,,,,,,,,
6aWn8VDbFWHboFwsTYAQtkvDf2s9M2iujTZivnDBWbSx,1,no_pair,,,,,,,,,
6zhqQ6cjUF7gcom8HAtcyQrucYyXx9FAmJ4WiqK9pump,1,no_pair,,,,,,,,,
DdmNmkKVSE9M5oUSEEbbKnbBmB2yhp2hn7ofymA6EPuG,1,no_pair,,,,,,,,,
2cxsnTbYxRZVse3eGR6GsRCwGyo2W3GEpv7EqNHQpump,1,no_pair,,,,,,,,,
74S4fewcnnAExoiMif3KHhZfXxb7cUyioBSqm3moGa3L,1,no_pair,,,,,,,,,
BQDg2sVsYdzK7sDw2fq4BP47N9LK4vFSSHDc28cu9asF,1,no_pair,,,,,,,,,
DcgVD4jqLqYJv8bycSSZuNzJscpBvV3zGoDbqR3JYXeP,1,ok,5749.87,1.66,6,7,0.857,0.82,3607,901.21,raydium
8zhUU9DdadRGZRbzgacZokXpFKvQ2BHY3B6AfmRKgR2E,1,no_pair,,,,,,,,,
9ZEDrZLeCcpvEd8SUMsm4xeHoVK4d64qccC4dxL5JWQ8,1,no_pair,,,,,,,,,
6UnfSK5KJS7WtxBDgCms58n26Xkwba1W475sGhtHLbud,1,no_pair,,,,,,,,,
52W2mWA4TVKh9R1FS2aVyn23JMFGGBvnHTJg8W58Ve9L,1,no_pair,,,,,,,,,
Cn1ZvaasoHUD48LmUeB2WKbiLpqHHsb6ZnNqmZNXPjCS,1,no_pair,,,,,,,,,
32ga4pCjWS5Z12FJYipJFCZvVPfDy2F7QAQGgdBTUFdJ,1,no_pair,,,,,,,,,
FGr4R2eN6ictojZ5ckQyuBNjKQUKNJCwgKeFtBjTNhh2,1,no_pair,,,,,,,,,
8H1DdbSxcLyvmCyMUAmf62xVPxvS2ajLXnPoxGxmtuSm,1,no_pair,,,,,,,,,
7eRS96gvVAED4AbKTu6qSMtsu96Vj4PmxL3aMBsZpump,1,no_pair,,,,,,,,,
Exz2u9EhSXzGDef4v8bfXVjcUbsFm4kMKoXxn58fDUSa,1,no_pair,,,,,,,,,
BszF7kNGJwB13RgCkMdDoMocUuk665bUx4oH26yeU6Bk,1,no_pair,,,,,,,,,
Aet8q1o7hNK2JsSsepAGaZQKXy3sRU554kf1fbNviBbf,1,no_pair,,,,,,,,,
8RtMwBUXyZsPhe13YYCrz8yGheX7XBVdVVFDKzo5fGQU,1,no_pair,,,,,,,,,
8HafVk5eBBax4hPsWKfTr9AKJpdgPyCKmU9xt1va7MdD,1,no_pair,,,,,,,,,
2acawAPkNgYa7KNb4Ke81TYXCL5gT4eiagdSmWM9pump,1,no_pair,,,,,,,,,
7TebiJuUyGdJFrqUj449xp8E9uuwvpdvFmjxkeLZpump,1,no_pair,,,,,,,,,
DFVs52yZ3GNAf1i6T1Rcvfhgh4M1ivLAuMAM3LAAq7cA,1,no_pair,,,,,,,,,
BJ65sQuuhYGuZmeNoqpfnzoUGev42TPoxWJk1PhmBvm,1,no_pair,,,,,,,,,
9u8q3uNCRjcmZm5iK2YUR3UVnzQ5vZVUGbPhjSPpU93m,1,no_pair,,,,,,,,,
3uw7JE78VKmhDmpzLsud112hNKkAoWG2MhiWLVqPQkXV,1,no_pair,,,,,,,,,
9v6cN3ooXtFFGJPxZAa1hinBfA4HVmzUDqusK1Gqvn8L,1,no_pair,,,,,,,,,
BvfpqAamZ5fA6o7v8KsBCAhR2ZjVL4xerBMfGUwJLJZf,1,no_pair,,,,,,,,,
GQ5eNgktucRoKm7jM6JNz3x3dgn8tR4vLzKVTY5Cpump,1,no_pair,,,,,,,,,
DHb4ShFZSjVdDV3brfbqUtB3sKTFPGMfarpTGjt386dH,1,no_pair,,,,,,,,,
HAZFwe9Mu6CrH3hhGT5Vs9c4pnoiA542SFGrzdPrpump,1,no_pair,,,,,,,,,
BNZTGAKi6anbbTgoVhfpGtVa89utWtZpb5WZyskqxCxE,1,no_pair,,,,,,,,,
2hQgCtwDv2EyMTcZG2iQP9eVH9Kgy5WrxAPZkeHMpump,1,no_pair,,,,,,,,,
5DoW482G6Bd8miSgJkXyhtviXUFwDpgKHUGSLckrnGFq,1,no_pair,,,,,,,,,
9PG6UigEYcr2Y1Jy6bkUzQ3NU4fCfjRBhD2uxBhHJnqC,1,no_pair,,,,,,,,,
72znTARX2pqcxtPigP3ZydjX3dtkVpFPEbYwP8UzgVX3,1,no_pair,,,,,,,,,
Qd6jM3puxT1SdCVnzUsmvEcLSrMFw68H1mjHec6GXQJ,1,no_pair,,,,,,,,,
9WhMxpo6QRv7DbVWfeamp7QugNeMmVzGEUjRwi5xieno,1,no_pair,,,,,,,,,
31wUXiQXKnTETRKDwDGxS8KKJepVcEDugcGBRp8pkJj5,1,no_pair,,,,,,,,,
52uooUN2zbK2yifYR6FjUcHpDrok33SFj1T5Peumpump,1,no_pair,,,,,,,,,
faNpdAFhjHseZJEiFKXGcPPPuBBQq1ZLkyf63oJcH9o,1,no_pair,,,,,,,,,
EFMpiBPYpC75L4tWJhCfAGGqTji5JnDsSubejNRD3KXC,1,no_pair,,,,,,,,,
BmwysbBe3MriP9FhJBsW3dZujNLacCZDZKuFNMukFF31,1,no_pair,,,,,,,,,
Au1bNRj5JvhGiLYNy8iYy45B3hJ6esDqhh6jmVp9wdgJ,1,no_pair,,,,,,,,,
EJffYULVi1e98GGDsqwn7gnodYjYNhtBe1Xg69ZE3Mqc,1,no_pair,,,,,,,,,
puppy8Lhckjh768j7vCPLr4244a64ZqioskcXxyb4rC,1,no_pair,,,,,,,,,
GTAR4TK5Yus9Gx34YyRseTZ9HySTeC19DWmh5CT4Te2g,1,no_pair,,,,,,,,,
5ENMsAru7reMkWJJd78cGThBtjVVKVbWJBhabrA8pump,1,no_pair,,,,,,,,,
CrYCaVeEjGkEtTYV9R8KLTRvuaeKS27GMTbENodmh4tC,1,no_pair,,,,,,,,,
MMq7scGxf2oAKgSQwFhzxgD35LSc8d2EPCE8H7upump,1,no_pair,,,,,,,,,
7NDL9bvEdDpRprmstoZCpkj9j3RYhvSzMRoCssgspump,1,no_pair,,,,,,,,,
9BdXWFkxQz54AjyCZ2MmSN4wGFW9GF1si9ucssfrypBV,1,no_pair,,,,,,,,,
3CBSUD7VaRfEPCvrmVjxSKTMv4jz5spND2LpbiQwHSkM,1,no_pair,,,,,,,,,
EJ1RbQZs1r1eTAnMTVfgGekgWt6nbHjNGqcn8prxpump,1,no_pair,,,,,,,,,
136U2sSTT4rA4qULbNFW2qARWy1cT5PK8ARRbirc9Y4Q,1,no_pair,,,,,,,,,
GhktxPP483eyJoiGm46PjZqwkkvo6nKVCddJvGoJpump,1,no_pair,,,,,,,,,
HEB3EELogzGaZiZvDBKgfDT11EaZhZeuppC225dP6Nq2,1,no_pair,,,,,,,,,
7a1j2Uei8Mw5T98Ptte2xj6DqJFKn2KDFZzodgqB5LgG,1,no_pair,,,,,,,,,
CHVyqqKzX2QhHdub5zSMWwhgiSNM2NXdjvq9vF5pSwSo,1,no_pair,,,,,,,,,
E9yqqhyrQgm8mhALW5ad5L7gmsFRahDAtpgjSsn2pump,1,no_pair,,,,,,,,,
3vrxJMzJGrR3prPAUm3rGn7jWe9ncVKai7Tvht3cfseW,1,ok,20782.6,0.32,3,1,3.0,1.92,12455,724.36,raydium
BM3SWqg8DVstmPrACG4v8Lp4KqjFqYKXNwYR7aUBKo1L,1,no_pair,,,,,,,,,
AuNhsb7EhBeQCBqiEVSH5GcLipw9rDiqoj3YgVQbQZcP,1,no_pair,,,,,,,,,
5Un75eX7nnNvcHhSUr8hEHDp2SUcBpSVYefssq7zZdbk,1,no_pair,,,,,,,,,
AWmsEzR95oSLEmE8exnWnwuVqBynQX7YHx3NVzLQpY46,1,no_pair,,,,,,,,,
GL4JmwGFFeKEXjbsSC4hFq6EqTwcNGss52DiLw4m7Z9c,1,no_pair,,,,,,,,,
AmoR3GBKZew3DHFXF7wTDa9YSeZtXBraiufKgb7spump,1,no_pair,,,,,,,,,
DX4CZiDx3KVweoZwe6YfcnqQgW2aef74NnNHAD9zMzAp,1,no_pair,,,,,,,,,
BEQYZBmL9BV6jbdm3mLTUHnccropZF4aVLm7zoJaoZx5,1,no_pair,,,,,,,,,
DMvMihxJmLEXriHKPUsEipGLkayhyTxVSvC7AVYGiv1k,1,no_pair,,,,,,,,,
ANtzwGATFL5a6bTnTVf8tXcFKsxZYTTSYnf6Cf7SGUPk,1,no_pair,,,,,,,,,
HhbU7gvT26b2Wi5QGRxerAuZc7uRksVPRgz5LdUB22wE,1,no_pair,,,,,,,,,
5Z7bWSvcxVeUkroSypFW3Tsw7vPoJUcCxhTFNenLxNoR,1,no_pair,,,,,,,,,
7RLkUSdTqWh5s2omyNvDhG2fR8dcM6hSenRdgBRqus5e,1,no_pair,,,,,,,,,
Dr1xHBuazaepwYYi8X8ZzFbnwAWRvkFtJBS1WgTfn5ML,1,no_pair,,,,,,,,,
CgHMVGY5M9Sq7mQSMgerpaowWzJJkcTxvHDmz3pDpump,1,no_pair,,,,,,,,,
6uju5q5ix2kRFR4BHUZYMyRmCW8otRHZTjfNZrDBiSDC,1,no_pair,,,,,,,,,
zebeczgi5fSEtbpfQKVZKCJ3WgYXxjkMUkNNx7fLKAF,1,no_pair,,,,,,,,,
J8djGaGQeshcoo3R2aeFh8BCBYc5fZXxBCmPAUzaEE4x,1,no_pair,,,,,,,,,
AY6jdGqYoSW1BDtR9VYckTE43jV25wYNHjrcbYnRJKLb,1,no_pair,,,,,,,,,
DTPBChSQqt4edthLaxBKcV3LtQL3CE9BWqZnM6AVJaFx,1,no_pair,,,,,,,,,
HWig776axn3cPigD96sLiDHtJitj2F77SFM2yK3Npump,1,no_pair,,,,,,,,,
CT4BJTcwKDa5P19Cq4uqDK8hcBwWooB2rnDyTAXvXT5K,1,no_pair,,,,,,,,,
Ad4T3XpczuSsUWdWHE6Hi45QA8BuB9aaktJu1YRi93LU,1,no_pair,,,,,,,,,
A9CMUzwPGS7u8a1v6pomYWAkwfrbWarouWB61TSb9Qb6,1,no_pair,,,,,,,,,
7wr37DaTbLe2qxBb24gEaBL93XRrY2GQoj8GkCVdpump,1,no_pair,,,,,,,,,
E7nd7Lyty3FCA3AnZnkdnQjgyVNNeoecwRG6aWLypump,1,no_pair,,,,,,,,,
Pz1b7iALFqzsgdL9ca6P3NZvTXwSF1koaQqnNohVFcT,1,no_pair,,,,,,,,,
qWxcczZergW8HjuBfBTEg7Zm8vytmQLVkgn9V8irHsB,1,no_pair,,,,,,,,,
B8NrYG3ZGbmDS6Xv5PUSdpJmXor9VvtxibvDRKNq3rnc,1,no_pair,,,,,,,,,
F7CWmHH26RCRhUGz2g7xyx1e37Lsaywq8NYuxgn2tE7R,1,no_pair,,,,,,,,,
ETcQtEay8obmmh9Eqsam2Y65rK2Jm3XXgA4etBRkzAY9,1,no_pair,,,,,,,,,
EUH63ujNDuRUxudBtdxuDCuHmk3Y2mqLmP5g3fnoL1Dn,1,no_pair,,,,,,,,,
8337syxFcacXkcfscJ6spKwDTU1jKFiUkDQLyV3ENegu,1,no_pair,,,,,,,,,
GSue3NVd8xqgkzcH1peV9PDPJpy9yuNgyGnwXegvQ1sH,1,no_pair,,,,,,,,,
FLgY1kqFBu5UtPXKMBVnSrvvu2nnZfUASzkZD6WGDzV5,1,no_pair,,,,,,,,,
6nYQoL5WftpLQfPxfDXFmyEzTgVMwP3GpFrLZ7b1QDyx,1,no_pair,,,,,,,,,
4MSVwn5eRN98Hjo54gYw4BU2PAnXAQ3BTyrNux1kU8EK,1,no_pair,,,,,,,,,
A45WjCWdBToZv6ejGn33Cg7JystuhbK5YXvmbxGypump,1,no_pair,,,,,,,,,
GZzAhrEuVg4ohKcFRXH34TAb3NgU2wCEdpnF3LxKWegW,1,no_pair,,,,,,,,,
BUf5Msz5J5MCjXmTp4KCHukXoCcUYUuVGTGZEBQwpump,1,no_pair,,,,,,,,,
4bNkPJR8cJkNBcTocUkLA3jjXhtuzSXuGyVsT81X6vkh,1,no_pair,,,,,,,,,
8dfmEtkJ9M4z3hJBd5e7J2zadMsQWAZSbEeD61LeYoLz,1,no_pair,,,,,,,,,
AojggJBFG6X2YVgPQiR76T9AV8zwd3moGMEhpZm1TxVu,1,no_pair,,,,,,,,,
8LEEToeTW1iaeNGtw1jfv5wab1RFWXCowQPhBr4UvYnQ,1,no_pair,,,,,,,,,
7dgHoN8wBZCc5wbnQ2C47TDnBMAxG4Q5L3KjP67z8kNi,1,ok,3469.05,0.46,3,8,0.375,0.02,6295,1374.95,raydium
69Vha9TGto85YNZDuGcUvrZX1gJ2UpamcmaECkJT3NMm,1,no_pair,,,,,,,,,
2cEVoDNKvYxxDNtfSFf3NjckFNQY8anBBCHuToCJ8gtE,1,no_pair,,,,,,,,,
3FGHr12eCnnTfu7yWPEd87TqBQPLXaAKNYm8Mng54ihC,1,no_pair,,,,,,,,,
8uyoPLqtiiMdXzVYVkPdfbMQnTThgKyXMcxUxh6dTUDb,1,no_pair,,,,,,,,,
FPkYkvqfaLXTV1MneB4MRBXu1wiuSg3CNN417gJRpump,1,no_pair,,,,,,,,,
uy1mw482h68XDAokGYh6G4m3xgyWXEqjmxPYxCppump,1,no_pair,,,,,,,,,
41bebSEFcBAY4Pk5k3uT7ZMYAjJJUrUb3gdEWvt3pump,1,no_pair,,,,,,,,,
EpcP8X7Jk9GFAaJFVCLKCvxaNm3pAxPagAmipDYNqM82,1,no_pair,,,,,,,,,
Dh9YeNqHq54qiZYMmyDaQLHUu1G4jejV8ZfECP2f6z8X,1,no_pair,,,,,,,,,
LoL1RDQiUfifC2BX28xaef6r2G8ES8SEzgrzThJemMv,1,ok,67245.03,379.24,46,16,2.875,-0.48,133409,776.33,raydium
7ViSurf5Ve2a8qDWFYsfU8GFmRttQvS5paJ8L94QZgo7,1,no_pair,,,,,,,,,
CpKHRSnbph5w8DL96PREJnZg2Ng6nu5wz6y7KqK343Kw,1,no_pair,,,,,,,,,
FxRUZn8Jvzdei5NXwhrZW4oQACdxP6WpQLDY7tjA6u9g,1,no_pair,,,,,,,,,
DHWfTwRDCjdw9cR1LyA4xuJnZbpuKV5M4Sd88P7yBTof,1,no_pair,,,,,,,,,
8tPst18Q65xSNB779agyLxyP5XFdHrE9kfSs8vfWHEmw,1,no_pair,,,,,,,,,
69o1TJvjvVZDEwmbQ8Aucs1mJM8Up2rScUtXQ9mE9Qgq,1,no_pair,,,,,,,,,
24hHaxPLbZXBZQwGis2bqkpCNE2qb83VoVzm7T7Wpump,1,no_pair,,,,,,,,,
4yu7ozbmLWRfpj4ySabNyhJejxfxB7VnZn6qwEUZprwi,1,no_pair,,,,,,,,,
Dz3UgvsovsHxtHtsnYkXgZFTqEakQkTTk4gzhVcdroWY,1,no_pair,,,,,,,,,
8BJdn2zVAUaiB5uLgFwpVzyR41st49oiv6WjG9kabh7P,1,no_pair,,,,,,,,,
6xzZFG5ywmcfGVHtbZdAVLGNoqb6Jjg2MNnfoh9eNr4y,1,no_pair,,,,,,,,,
GeerFvcC5HddSFeJXcv9mmoTt4KMJJy4DQvLGXVEirzT,1,no_pair,,,,,,,,,
F6UT7uDc4LJwVFS4BNWj538E5qwcCq9QVtgxNXT5pump,1,no_pair,,,,,,,,,
3NjPdppcuqx2Y7Tm7uDx8nKt5pMdCLonxA15qgWsuy8Z,1,no_pair,,,,,,,,,
HndJuKhw6Dfw6N4yWWNA7mLSGBSXAdsNSgmePsKnpump,1,no_pair,,,,,,,,,
92fQy9zdnZJ1NQKRuM3R5RXfR6FddHjoy51TmpcP6Ra5,1,no_pair,,,,,,,,,
5PdeRpEr8NWSDwwtPki2G8NdBzNbmedFiG1Uv1iF57BR,1,no_pair,,,,,,,,,
EqzAn9gkAEQ7ac1JiyS3z8BXn64fM8LdypzLhq5A51K2,1,no_pair,,,,,,,,,
5jaUZ1ykKajxqbgEBnxEQnrRCqvynCi29Hi36uhzeY63,1,no_pair,,,,,,,,,
F6dWwZbNqTAxsQw3e6p5ec5KyeQ1oY4tWyhHdSBTee3o,1,no_pair,,,,,,,,,
H2oyHh5pTevaGC7xJZE2SvEoUyH7joK2GvMhiRJnraf7,1,no_pair,,,,,,,,,
Hq7MtF9hwxaXLmdmwVVkwNTSvdCvK9Nm5fNRHK8c93PM,1,no_pair,,,,,,,,,
eBJLxvuJkckgC7nRj8xXkVZH66ZnKR1PGvNLraAZjD7,1,no_pair,,,,,,,,,
AzAuAqusUuRZbTcQCHSAY52mmLcKMcDc68tpAgy5vBXe,1,no_pair,,,,,,,,,
EUnpBbhe7So3q7ZFfsnQij2oQ3sqMMUF2tGBfZ295ywH,1,no_pair,,,,,,,,,
wa3sCvwDWBUsvVrgPHhYBNpVWDSVc6Mdk5GEXuNpPLg,1,no_pair,,,,,,,,,
GGJDdSNZyKE2kMj1nbJTxgAdXxWV7HCqyHEKoxtZB3AE,1,no_pair,,,,,,,,,
E33ise4T7jX4ngT5sMVEMFEumksGNgwEWvvM2EcpgV5B,1,no_pair,,,,,,,,,
HWgTEJUfVvVtxyTPCFnud5KTZH4n3JhDK8jBB6tSQUr,1,no_pair,,,,,,,,,
EZp23xs9sk66zq6oWoo4S2hHt3mfwJfFbyV259FLCw7R,1,no_pair,,,,,,,,,
6UmMAjSYeA5vR94Bn2qD7n2jWpQdd3nW22Vo95RSpump,1,no_pair,,,,,,,,,
FP6bGC5Anvx6xbPsK3d6MfdeL6Qh4es4foJgm25iEPY6,1,no_pair,,,,,,,,,
EgCouiJyJB4BowdJBs9QdQSV8hwhzGRUAEDz24qonNb7,1,no_pair,,,,,,,,,
9LLYQhzuM2bghKh8n6hapc87mQLJNWW2fXW4XQK4pgBn,1,no_pair,,,,,,,,,
8yXJ7SSmoTLZyBG6rBZmiLwiK9rQmBrYA4YFx8MkAa5p,1,no_pair,,,,,,,,,
9s48BwTrQPPvFAqHLSuA6ApkaMiyuBMdspeviuiTFsmt,1,no_pair,,,,,,,,,
Gk2Qk4m2EH9WtPyGDdGQQQZMSjKdspTbyYLna9z2U8BV,1,no_pair,,,,,,,,,
FfjP1Y375an7f8rnmvni6MVnP3fNT9NSG3uBXTXQ5hYF,1,no_pair,,,,,,,,,
8mGGyGLSkdPP3q5nbHUwPGuVpjDRAXarmqHNeH4Hpump,1,no_pair,,,,,,,,,
9nU1Ga2aPV4RDMvgw6RR5C1LLNpNBusG3JR4eihSh8Pv,1,no_pair,,,,,,,,,
EQUeUsCLXVr5DkTuXRZtCj39PXqa5gAf5geFQDd7pump,1,no_pair,,,,,,,,,
49HfsYrFpBp4hqp9YAvaKvPDCS1NtbdbmzKriWYGpump,1,no_pair,,,,,,,,,
A7NzdzVK3guCaJxmPpUMdEKrRV3Np6fCtGzCNYJMDiTu,1,no_pair,,,,,,,,,
8dBW2wW8bghgj7e51pwRSQQeDz6jUffZkVwg8TVAv2z3,1,no_pair,,,,,,,,,
9hZeipk5s7VM8tvscgcLvFF7ZmoVcYkBgeScLEKQeoGa,1,no_pair,,,,,,,,,
BVh892pZmoP8qR2EMYu8Wgz3j96fXfgDrLGx6DRQzp2U,1,no_pair,,,,,,,,,
B4CgutPS7FSirVgi7Rb3tVnZJ5KGqKnU6jk3DutNk4az,1,no_pair,,,,,,,,,
HGznytDd9ewnT4nTJWzMgWxL14xvtc6x5NKW1qVxpump,1,no_pair,,,,,,,,,
4ErSHmBjp6S2LDfY7PPmFsZuA7rXBWsuDsGMuHCKq5BS,1,no_pair,,,,,,,,,
5tKDiTGm2qYiRxAJpwmjjoBMoLRdtC4zhMr7mKj1Ysga,1,no_pair,,,,,,,,,
6F8tWzpfhWBJSciFqyDqZ4YmHNuVSYwyHwZp8i5kMaZV,1,no_pair,,,,,,,,,
8XaQ5ky8pBrxxxLhyDYdftoNh7LoDKPviAWAEB9Re2h1,1,no_pair,,,,,,,,,
CntqbF9zzzpw3ESd9riiPgg7Fqq194T6a1BYCjWHCRzj,1,no_pair,,,,,,,,,
6JWKAbU5Bf6Cquf62CUUYZBs9Ar2SVV4fPU3xNzfGyo7,1,no_pair,,,,,,,,,
83MeKVRdhTegbBNaiZ8eiUmXvqqQNTzCQxC4Npba3Nmw,1,no_pair,,,,,,,,,
3mDnD89EL1JfPgLPzijvuYjtj5DzpH3UoUeM6NYdhWpZ,1,no_pair,,,,,,,,,
Dho5f5naz9Nsum7e7mSFMhjZR8eLnEKJbjv69kLFm9C2,1,no_pair,,,,,,,,,
DVuaDuQdPZ6H49inC2Xoyx7BpLAAJTPPChSfHuGpy8X4,1,ok,12316.38,3.14,0,1,0.0,0,9482,932.61,raydium
BNJSq9rUhTaj3GkjZ5GrGxxuW7BTHg56Hgh8v5hozgss,1,no_pair,,,,,,,,,
HMBXsi7SACsCTMMYYdBc23rwwX5NtpfAaA77ziBUXTH6,1,no_pair,,,,,,,,,
F96a4EJspfFdNYFypULndruFTSoG7mAN655BdQnej7Qm,1,no_pair,,,,,,,,,
DiwBMB5w366DGPZ5nKkTscQvwedG9KFzJ8H2n4976BjG,1,no_pair,,,,,,,,,
3iG5NRc36xaVnWKdFKw9HwDjG2Bf58YitCJmGUm7hrFJ,1,ok,8904.71,46.5,1,2,0.5,-0.91,8368,885.77,raydium
7rfZ8TjQ6QPFDuzxWh8srFhdQv7RfKt9hkTsXmRPioBD,1,no_pair,,,,,,,,,
DqcLSYRL4DF6EFUsWkyEmvnZqYG7qP12YVQwCbFypump,1,no_pair,,,,,,,,,
Cymo8sEiFEVQjbaqA4aCnPiuM1PFQPEF7b7rKjBM4qmW,1,no_pair,,,,,,,,,
TH69XktqhxVwpNv54Z7jsQRPC4Vgq5VyHsMwA5dEn7f,1,no_pair,,,,,,,,,
2U3V9RLtEJit7H6bLxa1omh2S6Vp1u88ehJc8DL4gtEL,1,no_pair,,,,,,,,,
LoLLZBUGyTPNWyFF48KbcmkZGc1ajwaFdWoLhF2nBfQ,1,no_pair,,,,,,,,,
CiKp1EYJt6npXJaFu5WUee8nY7bWEJ4MoXCw44nypump,1,no_pair,,,,,,,,,
FShVvYvUKafxLfWa3WDbPUNnrrGBjLcdGxgk2bYEMJxf,1,no_pair,,,,,,,,,
25B6ihoy6wZQG5pCxRY6kSB6k2yFrMAjDFb4Y7U7neT8,1,no_pair,,,,,,,,,
BwSipf37mM8Wkfxk2NkbhBezMqaJ8SqmUaeEKhShNN5X,1,no_pair,,,,,,,,,
ATg2C1a3fh9HBpsCGwiJskoXajBmKpCGVXi8yVNrRVM3,1,no_pair,,,,,,,,,
Czp5dp1MX2ct7Z7Vi8pHP236si8Aqoz4p8MhH38MGDjx,1,no_pair,,,,,,,,,
DontWTiLwoaJu8fKA492NyrRp1DeamQRoRrd717FBUY,1,no_pair,,,,,,,,,
HDzb1qqW8oJkTXeo5BCHJt6dWCFtEbPqNieRGuUzdLr2,1,no_pair,,,,,,,,,
HTRkZF9SzcZQpVrDueRebQeApXiYrqdHciYtRah8pVcb,1,no_pair,,,,,,,,,
nTyBAoa4sTt3RsFnYcYo1BKLoy9Hfbc1RQfMMT284te,1,no_pair,,,,,,,,,
8E5pw1g1nQpmgVyeS1vZx8LokAZvuZgL6G1Uhr4iVbAB,1,ok,27962.74,100.62,2,0,2.0,1.36,59880,826.78,raydium
FmzkTDo2V9LZBGS3AXT4RkkqtoKjr9yC97vqzmQhcW8K,1,no_pair,,,,,,,,,
8CBFoqcaxQGgRqm2yHRu3h3xSRPrJdw3oD7uN5rq1AKi,1,no_pair,,,,,,,,,
9jjF1xbVCJ7eWhRCS1NhUa6jmzbkhVSsZnSHngQEetdG,1,no_pair,,,,,,,,,
EHeCWuVzReCTjrqRzcnCaVc9tDSTZmeqszi9EwxHGskT,1,no_pair,,,,,,,,,
FhVJ29K9inNPvJebkmEkysFuYrqAhcEbqf4yjvELxgE9,1,no_pair,,,,,,,,,
2js38d1gkvgUrS19jNdHkKbqSkbnW4kAPtAQh3GkM4Jw,1,no_pair,,,,,,,,,
CxrRnCUAe4xMMwdsFrVVqWc3hQt2TUaREakoDyY9xHe3,1,no_pair,,,,,,,,,
BW67FsXyYViA3ipzH9UkirZA67xYC2EtyqeKm2SDLYeG,1,no_pair,,,,,,,,,
DQhdfMHjVdaW1m33yVpKzjZiDdbXJpLAG8AsF48v1vY5,1,no_pair,,,,,,,,,
6f7EHRs3hDkg77Q7vnEuUqSzpsS4jp47nQqUi5meyS96,1,no_pair,,,,,,,,,
FBHkVKvFcbqp2HzsfzvijtqGV7M8cLRBJTMYCAYopump,1,no_pair,,,,,,,,,
5Zkip6ysWgXvHPwBBaaq64ECRD1VKx9ko41WxNu1pump,1,no_pair,,,,,,,,,
H7fFqhBMjKmv7CZmjEAam9g16EG5yHP3R3GVbjWQpump,1,no_pair,,,,,,,,,
2gNywbGr5hURypWAEk6UUXESx5cFmNrvajfbz81CEQzg,1,no_pair,,,,,,,,,
D7h6HsLsYUKL6W9Wt8PJ5DoDtDGvkPQSEXw2xtKCmiuv,1,no_pair,,,,,,,,,
aZGDdz4AaTe6juMGXaXs27PwS36YJd8GX8pd1aGFeEQ,1,no_pair,,,,,,,,,
HzfEppdjHaGymz3iqrBgTiRnTDSxuMTLJYaEptmA3Fd8,1,no_pair,,,,,,,,,
2geYxMQ9o466tQ3JitUVR5Xmuk4a11KXs7ZmSX1hiSJp,1,no_pair,,,,,,,,,
4LMYgoXaqVwdHFVcLadcDoSWFFY2DSFpcY9aC2CzmEgG,1,no_pair,,,,,,,,,
E67Ah4YVZ9GXLu9JcPVThaBwQSJDe8TvznEGnMSwwv5i,1,no_pair,,,,,,,,,
5oaqkodHQZPeYKEnJv71E1sScCqgWQaPtjgPK4fSuLGj,1,no_pair,,,,,,,,,
F1T5V3PyegkjXSfFnFAZ74NCozhZuJZfNVxr2HBs1j72,1,no_pair,,,,,,,,,
78M4yMXPQ84MDErWAg3SqnUL5T7J27LztZEroh3Rm2mK,1,no_pair,,,,,,,,,
3NsHJRJ169bnPbxLLbNSeCHdnaVQKLETPRo1ZKHazpnK,1,no_pair,,,,,,,,,
9MbpV6ooaYZRxVCQaH6wYbjNS87LBPkFNQMK9aUPfKz7,1,no_pair,,,,,,,,,
CgCBakYwLxuzBr41Q48TvkS36wgeUiznfXexQvnxW5rN,1,no_pair,,,,,,,,,
BGSyjE6m2Zy7Qg9rjFzuqhdP21gjqLoZrU8PmRLyVuWo,1,no_pair,,,,,,,,,
7ydzn8QGLzqvnxVLUMER4jpkahbFEiuUUchBm41MwrXj,1,no_pair,,,,,,,,,
EoEHXguYK1dGExQjUpeBRnEXgboP2m5DpFLD29wHpump,1,no_pair,,,,,,,,,
BFh22NmtoCz1vGkRy7zmTTnk5uWnoybyAeAJ8uJAqgfc,1,no_pair,,,,,,,,,
BY22qjJpvYB3WqzcSzc9VzitM5HpkY3WF4sgQyv1fe8Z,1,no_pair,,,,,,,,,
CgFdo4U7Vd1PviMM2yvbhVpaZDVtaxwVA6m8Z3vdArJx,1,no_pair,,,,,,,,,
9toJaF6tdRe71zgzo5a2YJzPKLkFSpgXeMh6ihetNiBL,1,no_pair,,,,,,,,,
DsdUqsss3GPTcN196Kfz8yaMzRfPkM6UDzUBiqv4HSbH,1,no_pair,,,,,,,,,
97rTTFFEzqAo5VyPo9h6kvhGJxdeHLhuqqs55TuhgwyN,1,no_pair,,,,,,,,,
4H2X3Fp9478dzpAnbkg8PFxYfkDJga4DTz56EzqUoyrA,1,no_pair,,,,,,,,,
FG1niCUwoHijsHxQS3wK6nQmrw4p268PEZvYuhpgwcMq,1,no_pair,,,,,,,,,
2Tt2PuewDKojRizwkPHMzkgnh1bMN4nh21XQJiA1pump,1,no_pair,,,,,,,,,
HFgFggkg8MhLnhwFM3wXMGXX7LLL2CQGYGbvnHCnJjG,1,no_pair,,,,,,,,,
3RudPTAkfcq9Q9Jk8SVeCoecCBmdKMj6q5smsWzxqtqZ,1,no_pair,,,,,,,,,
BtbZ63JWcQKDnQLFkoCycru9ZeGc5CN1THAa2rboVPGz,1,no_pair,,,,,,,,,
8KUEhrUythPbAADhNNj6jMcQKSmb9iAX41u8ZuDPfiR4,1,no_pair,,,,,,,,,
3tbZLBjNeZcBmVQjJBiDC6qmsurNt6wxrF3xuFE1RHaU,1,no_pair,,,,,,,,,
35CthCqzK5fewT4Wi8jYyHYNDca1aNQeVoz2JH2Q8HkR,1,no_pair,,,,,,,,,
2oHKBJbucW75SeMo1re8Q7M44nHAkyf5jcGZjb2DcuGG,1,no_pair,,,,,,,,,
8yZTYAqMynkxasiopzgLPmgMXQHyVwRApnU8s7Qvwa8y,1,no_pair,,,,,,,,,
7e11cVvr7sRrQF2bPxybZe6wfG6quJ5Via4Njo8KKjdR,1,no_pair,,,,,,,,,
2V7gfQtoAZyaN9PqX8HNcivRPuk35PJQowR1Q4Ls31vf,1,no_pair,,,,,,,,,
6HpBVEZJexMsEhPQtKNUoGkZW3GLa8Nnw7hkY4SJcCCN,1,no_pair,,,,,,,,,
8k87ahQ6hCHTN49XmJA35GwU5C4DcBCJscLv8qRihCK7,1,no_pair,,,,,,,,,
5XEv2dSELgD35N3DsC7DQYmn6iNrnjjN6YQMB3gtpump,1,no_pair,,,,,,,,,
FMBngDdoQ6BKPbgKZx9rURVhB2aZn5kfDWNM9kWzRuDr,1,no_pair,,,,,,,,,
5CNF729CSrmCXuLQaeHsmo27yH9XZzSpQfH2LRHvtxnE,1,no_pair,,,,,,,,,
HyzUwAJu7mBZZjaKTYSMqzoSSgwU2H27irPaN5VDpump,1,no_pair,,,,,,,,,
89i6ri6TNqYuR2SDc1frKRSVZszqwG5oed34vmhf38GW,1,no_pair,,,,,,,,,
F7Hwf8ib5DVCoiuyGr618Y3gon429Rnd1r5F9R5upump,1,no_pair,,,,,,,,,
9EaLkQrbjmbbuZG9Wdpo8qfNUEjHATJFSycEmw6f1rGX,1,ok,5891.97,188.23,119,109,1.092,0.77,8323723,1375.13,orca
CPzuvTdRdNtRafh2YSU82eTB9sy1TFkjn127ePFP43Ta,1,no_pair,,,,,,,,,
6j3dqsW2UcKhEQhxhezp9ymq3SMbbktBwaeNi4VqPUMP,1,no_pair,,,,,,,,,
piJgLh8axY1Q5bsgovRB3Nr4aVbHSHmpCbsTLahpump,1,no_pair,,,,,,,,,
rADaYJyzUUtb5rGH3NxdcrMJrQqtR158HCuK9Hhru95,1,no_pair,,,,,,,,,
5CaM33MHJ2izdLNSDhwotvzZq9VyjVT6zHk9oaseXAUi,1,no_pair,,,,,,,,,
6cppr1H3LYS8FPp714AhN8bo7EtzWUuf7cY3mb7GuiF9,1,no_pair,,,,,,,,,
ApdfUSvTURghtNPCcNmDv6X2yTv3oBZizBcJzWC5pump,1,no_pair,,,,,,,,,
P8mq9UTZyQjz1SPCqXQ9yaFubDenUMGWan4jLYxpump,1,ok,5995.81,0.13,0,1,0.0,0,3274,812.74,raydium
2eaE3Xhz7JkfhquqEsnHniFGAeJJNoW9L3iNGeSxa2j3,1,no_pair,,,,,,,,,
AqxPZrK8gduLdhaeR4vyF9PVBAjuuCkDWWRUjV4Qpump,1,no_pair,,,,,,,,,
Lrzstm9R3XimKVwLTY9JhyDVJy7EUqSKJbmL8Tapepe,1,no_pair,,,,,,,,,
Ca6SY4x9xKf9gNMfe3DWuuiPgNVYqcgF7EDKf6S7pump,1,no_pair,,,,,,,,,
DCg5GuAyxRwtM2VcSAJbgHesi1XqSqV1FAtV6T3VatcR,1,no_pair,,,,,,,,,
7cCt2Es3MVnCrvMFgQJJ8Fevd5oLSd4Q23UkQybfvYy9,1,no_pair,,,,,,,,,
46a5iZQhLbEHGrxUHsT5Xxo8pbHCQ6PJUbogEQQNseaH,1,no_pair,,,,,,,,,
ammoK8AkX2wnebQb35cDAZtTkvsXQbi82cGeTnUvvfK,1,no_pair,,,,,,,,,
8rfTuhMSoR7vhYjqqDQRrY9n3v5DHL7HCRj7hHCTJMU9,1,no_pair,,,,,,,,,
4rADanunB9UnWfEdP5VsVAJ9WTCEpvixYA2k9Gxrpump,1,no_pair,,,,,,,,,
AZ8cZC7bncHyxZvhsSBVZxD7u4htszo2Rp2sDhEKD4rv,1,no_pair,,,,,,,,,
jucy5XJ76pHVvtPZb5TKRcGQExkwit2P5s4vY8UzmpC,1,no_pair,,,,,,,,,
5P6uTmQw29EinZiXWqLcNS5yqJF2dBtA3Q8JV1VAjd3K,1,no_pair,,,,,,,,,
J3BW3KpU5ayVFetN8wmWPCgyW2B4pfnNdTTFapjFbRB4,1,no_pair,,,,,,,,,
36XgBJVR9UK4CLmn3YhdE7mEsyMLS97t7Ca1rKjVkHNd,1,no_pair,,,,,,,,,
BoyDvnMiyCmstidnUyb7XP1ndR2D2zBGq6dh4g1Rpump,1,no_pair,,,,,,,,,
H5ZD2B6ciASv1UoKTmAnWBYztHD6HJJUoE8qYAdozP1h,1,no_pair,,,,,,,,,
E5ndSkaB17Dm7CsD22dvcjfrYSDLCxFcMd6z8ddCk5wp,1,ok,1465.99,3,1,1,1.0,0.63,74369,1375.12,raydium
CSRZwtPqaQCav1sjb1mBW7FfYx1CtV6CEneNmpAaAvB7,1,no_pair,,,,,,,,,
3uACFSBwdR3rKpG8TSnMWVievWJvSJifWXGoET5dpump,1,no_pair,,,,,,,,,
GJGvHe6abaoiNYTNwNYeFXm6GPxTx5CvwbACqw2Vpump,1,no_pair,,,,,,,,,
BeKFz9xgEq2wjxje3mHhwgYPPENn4GxtRLi84JCqdAVR,1,no_pair,,,,,,,,,
2GgUF57oDK1PpifcFrcfYqWgLRFTkj1F5Biw5KvtGpD1,1,no_pair,,,,,,,,,
DqWf9DDK6H5c7KmEHkNJxnzNPSM6mzxonZJjK6yxpump,1,no_pair,,,,,,,,,
FqbvHpe9eyxLfXfGfVYS9Uc7mKBZMNPxQggKsxgrVUVJ,1,no_pair,,,,,,,,,
4xFtGrJmvqSQrcWD14QBFvU5zYJFFdEntHYJoroGpump,1,no_pair,,,,,,,,,
EDoJMkkzJWmz8GXWUsUvmrvxKfAq6TyZqMDKK48pYBXv,1,no_pair,,,,,,,,,
CEfk1LHaA4juUqZhbeuHVtq2M4n5odwqSUm8fjbUobBo,1,no_pair,,,,,,,,,
EwxBeLMjr9EVDU1Vz7zCn7cBqzFCuCYj2MUxfwXTQLSN,1,no_pair,,,,,,,,,
6JgKJW8ySkwqwbjieF9uSJjA4i68ND5CA3Ln7bMSZHeT,1,no_pair,,,,,,,,,
EH9QxCx4WP9Lt43s5h6BQJHFSzFWUSYaaxEipFVRbsEN,1,no_pair,,,,,,,,,
6yLkQJhjZojbDqYE6G5Lz3pSyc4HKU1Jidu6U2dzR9u1,1,no_pair,,,,,,,,,
Gkjfdj7giYBf66Vch5ege49py57gaoM8JU9TZyyWys1y,1,no_pair,,,,,,,,,
9ePPY2LbTGMVabL9Pia3qwY4shybUfzEuB79LzTXzn6R,1,no_pair,,,,,,,,,
zzaSbp8jehmLb4foTbCbaLMX3fHho6pGDWjiNTZoXFp,1,no_pair,,,,,,,,,
HDrQeAophZ2fT1vsowFDCSbbmRAo8P9ZaHZcCVphpump,1,no_pair,,,,,,,,,
FdvkkCbCgYht1xTR1W9MBJhEF1JEPVhHtW1NXBYRzZts,1,no_pair,,,,,,,,,
F6weWmuc1vwdL4u38Ro9jKXHEMjP9BoNdWMF5o5TvtJf,1,no_pair,,,,,,,,,
EHGkBNRbY6nTB1Fcp15166cQ1LQe4cvCruP3dAcrpump,1,no_pair,,,,,,,,,
bAf6YTotWdE5Ezz5U2etdw6vUFoRYY65meWqxppGgjH,1,no_pair,,,,,,,,,
9btQnN5ygA5b2WiftUPui6hsA9en7dN5uaNebxA62KPs,1,no_pair,,,,,,,,,
B8SyMmrkJn9zWA7CaKLmDB1VLN6BriALCW8Z151Y14Di,1,no_pair,,,,,,,,,
8vtqnEMAjmTaaLdUDj2TzRRHzHSLHKJ7wrLx42kSpump,1,no_pair,,,,,,,,,
4Q7QBKBuZVr8XsYpK5rnB9ooaGoCESWYonk8LC2AwMJd,1,no_pair,,,,,,,,,
9uhHjyfc5tKdaZnjstLLKoLGcF889ub8zX9wtwhtzgK6,1,no_pair,,,,,,,,,
Ehb1wUcSb6YfozfAQafXdjtJnYqWmuL71RKaHFYwVicQ,1,ok,257,1.38,8,1,8.0,-0.43,158,963.51,raydium
8tFyQeKt29BFQ1G9Z3ePCjyHVjbudTGHiCtvQRWvJWeK,1,no_pair,,,,,,,,,
F6k8tQ6x4XkUVo8Qh642CsNsQW182skcroH48hfMpump,1,no_pair,,,,,,,,,
J9e1QSP5EVLD9HsaV1hSDkuCwuVbzepuQULviTXFpump,1,no_pair,,,,,,,,,
tqFTxC62VVv39HHw7Vykaa11gUfiNkg5kPCXJfEi5Km,1,no_pair,,,,,,,,,
CfzccsR1MJoAr6KvG5QzvRhCscgAuLgrKTypPBzdkBS2,1,no_pair,,,,,,,,,
BWMW85qXBwCiof9RwY6YzUtos4iJz8bHtwAhw3cwb2XP,1,no_pair,,,,,,,,,
2jNhtqnehWiqELnoeBuMxspUMP3skig2Fmp1H1TnGntw,1,no_pair,,,,,,,,,
FxH1q6GAyvcdejKVAM5AKkLtKeZBUnDHXjC5duhawnP3,1,no_pair,,,,,,,,,
BCfFtxyBM1kZEw2y487k6VXTCQVaHppvteFrBrhJYkrB,1,no_pair,,,,,,,,,
78ZRtqLE8X397dRZ7wvFbA7UpEtyBNU4mWnKfaLhbWAJ,1,no_pair,,,,,,,,,
FkycgikC42HJnMTiYbpoUAqiXWDYaCxYJr36ykPhTRUc,1,no_pair,,,,,,,,,
7zPMRdDbs9nEHtRdJvNFTwaYnw6N8h6N9Vges5Qrpump,1,no_pair,,,,,,,,,
C2fnk74NUoGmaKj8xss4iztdmPxULyjidhTDmFyfWGyV,1,no_pair,,,,,,,,,
9JTy8qjAa532TCdRrEbxU9xoK8ZvmHHcGFbvgJCXUCqb,1,no_pair,,,,,,,,,
BdKpATfRZLDVEKiAgq2FggSESTdu3CjHbAqpYcca6rJH,1,no_pair,,,,,,,,,
9w1mtaQycnf9miGR3gYqNdRub9Y4ggAHLUpUFWVFTKGq,1,no_pair,,,,,,,,,
f8vmacMxLt3VkDvDdxzgjyAwTRoans5qRN5QhWeoeAY,1,no_pair,,,,,,,,,
9qLqRJwq6U7WUt91xAjeC8caPsBTGfZ6STXFxon95RG6,1,no_pair,,,,,,,,,
Hk3TBQZhRKkg9c9Wur3MyYPb1g7xm9iLgW3SYt6ysP8K,1,no_pair,,,,,,,,,
2CNomPSWCk6CjaZMjr1nj6AA8keH6NXiwFRYR6jr8JxB,1,no_pair,,,,,,,,,
GcDQavm2aPJHDUevqwwdjNmfjeQEvUt8F44rULSWkmfA,1,no_pair,,,,,,,,,
7PrHtUxSpQBQqpXT6Qoroc6pKdpq2sqTVEHFJGqHAuB2,1,no_pair,,,,,,,,,
4NeReJyNNq928JG7XkLpauepqNjVZqEiV7QAULcnpump,1,no_pair,,,,,,,,,
8pSVyrfbCMAYVG9yyqgo318BthnQ2XyMe9L85UU6PAYs,1,no_pair,,,,,,,,,
DTzTg6MVUioZHot1GC57nU9yuXdFd5ThsK93wGsvLiXv,1,no_pair,,,,,,,,,
FndfWLU59LZRQ8vqGH6E83H95onua69XktkJAAzTu3jr,1,no_pair,,,,,,,,,
Hixr94wPpeSMbMu8bE9gDhBr4v8yS97VxJLhGgTxPaXb,1,no_pair,,,,,,,,,
8nsguaz8H47vae9fWySJimhP1ZLUAWJCmons6QHtGvhD,1,no_pair,,,,,,,,,
FR8DVbU9Qgg4qQBBs1fqQyW2fd8XN8eWeKctmaZfpump,1,no_pair,,,,,,,,,
FrfiBZnuQ94uZ8GRbaEmosu5edCgJYUN8nQ8FxNMVPRs,1,no_pair,,,,,,,,,
EdMCgRRiVjH9L95fkNUQNLmmVu8Vo6qS4uSXSBLAeEnh,1,no_pair,,,,,,,,,
2QRjZ12c9JDeoP4LRK1RnWYNeaWFXVFUYag2x9iGpump,1,no_pair,,,,,,,,,
4akyK3juo3vCLnA79Qaqej6DQVuSK6srTztgZqAAfmiS,1,no_pair,,,,,,,,,
ALbwJi29K5UQR5uZhwYGoKTrvkAuNZH4GanUevqunTi5,1,no_pair,,,,,,,,,
8FegynqPTrnRzYtSkj2W6ataJ8w8dR6WPP6WyVpeUpN7,1,no_pair,,,,,,,,,
DQstWbfrLcadh1d8QEvqsDeB7dXiRDmuC8jLKesAAYEC,1,no_pair,,,,,,,,,
8sMxPwnTqfQjG1cssWgw7dj1QNpT95x4V9EwrjRcTJA3,1,no_pair,,,,,,,,,
AgJzCDGNiAyhp445pHeDrBa1Uyg9hp3MGRm1nTndPZfa,1,no_pair,,,,,,,,,
RcUeqR6erRwZjT3FJgWUebpbB1t6Tt3REkstm8Mpump,1,no_pair,,,,,,,,,
CQFjYwnME8YmrJU8NACrNfjvVM9J12yp3Fd9Rn1u6S9u,1,no_pair,,,,,,,,,
FLkpeaUoi88s54smj9vvdpho21tGY9PzgXY3Rc3uqjXA,1,no_pair,,,,,,,,,
Hg2iTig16ziz4UZC5MGbo16gbat4DvQ1RiZ7K671DoA8,1,no_pair,,,,,,,,,
H2Z9PXkzwWej2EgzkGq1Q2rcDPAGwS1uhdZ4Xqpcz8j5,1,no_pair,,,,,,,,,
BidenWjdX6XTBNdhQNbD3hXTAHVQD8wtFXvhLCqsVMV7,1,no_pair,,,,,,,,,
DzjGAiPx488iLnt8eSrDshvpt4VGhm8zmBGyjttRpump,1,no_pair,,,,,,,,,
HanW4Emi74xB2dBCjgXepByDuqQk7M8ZX8SbUK92MB7o,1,no_pair,,,,,,,,,
BN3XBe3r9jCaL1Pk6gh9PSQpCqZmD53S77tAAwG3tgEx,1,no_pair,,,,,,,,,
BwdtD7mVauSsLXoeXaYtwD9hrtx3T5xBrSomznmmMaB2,1,no_pair,,,,,,,,,
Emg2EHVgPhQ5gaH8kN3ptvnQCgPeSEWpn5xXyd3dZr5U,1,no_pair,,,,,,,,,
9fvrVzXMCTcy25Si6JLJzg6fRqdaK2tJ9EA75pWepump,1,no_pair,,,,,,,,,
AguFbHujcAEDSdNBhz2KjVjsBq2NPw8S8SUh5iz67KSc,1,no_pair,,,,,,,,,
96KFzPzdQ7WDJbDiAsnguZwjfffnHiu7oeqj38BJBvqu,1,no_pair,,,,,,,,,
8WmQNQiyZtZxim5GqMJ7EpVu42FfhxbRuWaBTk1WxVZg,1,no_pair,,,,,,,,,
5NNMXDjcoigaiFAAfr2UzXJmwJXMjNYi13o4P7Uhpump,1,no_pair,,,,,,,,,
7SZPLN7SiUBsYDk8MTducjGCcFgG7pTbiw8JoLyopump,1,no_pair,,,,,,,,,
AweDwsryZJygkDrjYZrq7n1mzPQbFVUi9dfhLLKuaXiJ,1,no_pair,,,,,,,,,
5LVNrjh4esJRc6gTrsL6vVAe8X469BVwerQ3gGP6AGBo,1,no_pair,,,,,,,,,
HA6TiWoTbMvBrbsfFwaLmt1HWMCiKkA9QMFjTToyW7b5,1,no_pair,,,,,,,,,
7E4KKWk7WsUYap3pxnjkxu37gsLxvAYAoNaiYuNQHshY,1,no_pair,,,,,,,,,
7QdKNSv1tgzoewzZ5vjH4frD5AEfUpvhfBX1mT8B9QZd,1,no_pair,,,,,,,,,
87Up3Q9RGy7ZeCGVtqoo5SSCKVUdaMyAYwjevQatXEen,1,no_pair,,,,,,,,,
Ff48BkDG38xJt5Yp71h2sqosxZC8VDoCkfHhWgabL4A1,1,no_pair,,,,,,,,,
9qoh9ys4eJ1WGupDrTownUS4SXQtuA28NF5j62eHpump,1,no_pair,,,,,,,,,
YUTKmaquLYJKQC4m3JNciDicbmk6THpgopZcvs2gZ7X,1,no_pair,,,,,,,,,
Gq7YE6as88GkYp5knPJyE9XDR8ZCTqthCyTKMd64oQBV,1,no_pair,,,,,,,,,
fuXdUK4nfVkM1Z4YLjN5Vqisjpt7EvhVTCLgidwmakY,1,no_pair,,,,,,,,,
A2coponj1QdoTtssux3GBwgtWs21uYaPSEx5Qspo29hx,1,no_pair,,,,,,,,,
4oz35jZbr4qsnsuGquXercTrRPkWB2CtTCWCBisUFH5k,1,no_pair,,,,,,,,,
7VLmqqHQbP6gkAxRL8o5Qua5MckL86YHDB3PoLm3pump,1,no_pair,,,,,,,,,
APjLeyyyFsNYu8WoyYRx1YieVtQLNwZdMXVE5CDdUReb,1,no_pair,,,,,,,,,
8RTubD83WU6v7oJohedm9m2hKc5vjSWE3VqbCywpabir,1,no_pair,,,,,,,,,
CCZ38YnFDU6XPazEA18znZsfsZWGQ799UyBUDxX3UfJN,1,no_pair,,,,,,,,,
74Xv7WyoxktAWxoduHxWfjSkdwRP3WrQM5bwY3VHpump,1,no_pair,,,,,,,,,
AaPGxxVzExCq8bDQSuVFLAjDPxNqdu1ntx1Sxfqnpump,1,ok,5239.17,133.45,0,2,0.0,-4.77,3209,674.95,raydium
2KLFHdEBgSaV8jhPEKC9rLq7Q1CC6FcyzVKiTyxidwdT,1,no_pair,,,,,,,,,
5XzX3PGu2mmWSeSJ8yXdXgX9xjAA1Prdr8dPz3FNzQT9,1,no_pair,,,,,,,,,
9mnoedtdxNcvKP5KXrfiTFo3qA3PP5jBKJCiPb34pump,1,no_pair,,,,,,,,,
3E3a9zTwkJJkRuuvmX1iXdUR7Gxsa6vHpiqaQGqoagVR,1,no_pair,,,,,,,,,
3VdEpthnuCd34v115xNmLeFCyEjuscwsssvBpFAgScD6,1,no_pair,,,,,,,,,
HfvVJRTHvPKQajAE7TN7DSqy7zS8zLiZSdbtaqWEAV5G,1,no_pair,,,,,,,,,
AHW6wNHGEZxxNS5ehotHQnM85tt1Uh4uuTvK78Rixs8j,1,no_pair,,,,,,,,,
5XNUYaJNgaEk53x7mLGiCB47WtgRaHRHoSVUn9hw5aXv,1,no_pair,,,,,,,,,
FriCEbw1V99GwrJRXPnSQ6su2TabHabNxiZ3VNsVFPPN,1,no_pair,,,,,,,,,
4sFod5opbR3GinxiH2StXiKuDgHNRAA14GR9BPnmH2RM,1,no_pair,,,,,,,,,
2G9WuVy7dYrKbGRS87iES8FycCEkDivigXJGubw9pump,1,no_pair,,,,,,,,,
KVZbCzCzP3ND4nnRC3vWCEmdYNqw41TvpdoqnweM7J7,1,no_pair,,,,,,,,,
A57FKHC4FRhZTkmvPXEJm13fqt9ny2cY4mgmD9NtUT6B,1,no_pair,,,,,,,,,
FEbKYSSZ3kKanUMDy5rYVmMrt1tvf5wYk4dyouBmtoA4,1,no_pair,,,,,,,,,
FVqxVaSLbRjw99QFqVkbx1TgrURVmW67ckDw6un9pump,1,no_pair,,,,,,,,,
ERfZQmYJs52xU9JGP8PhR4PEtvMZ3gVJVLWSp86enPBr,1,no_pair,,,,,,,,,
BdkzEoYo7BTodFkgxcRirRgyKWSmozPotD2GFYMLFrhE,1,no_pair,,,,,,,,,
7CuGxdVJJBEoE7hJbXCtCvWoDPSMNrFFQurDtJ1iVWEE,1,no_pair,,,,,,,,,
3QdXz18atQ81Y9C8cX4VAQYCn2bK6c4gVA2xsNiJzz5v,1,no_pair,,,,,,,,,
9856qum6VEQ9cuAiGS1byf7LJ4Db4NPuksiy7UA11NEB,1,no_pair,,,,,,,,,
FUCqkUAc1Ufan74P86fmtdvw8JLD5sCaKcVeUcG2asnd,1,no_pair,,,,,,,,,
5BzLfB8FUDqKWnvpB9kUF1vYwYJRRMiP7LRLXK2nojpM,1,no_pair,,,,,,,,,
3o48KQUim282N9LWXcTovFox1AH42sX4GCV1rSLRknvs,1,no_pair,,,,,,,,,
DKYWo4JqNRGtP8XvCkHkau68do5it3nwo3nGr5YdrZv,1,no_pair,,,,,,,,,
FtGo1Smc2Yh6trZdGCE7NntJMzEANe8LS9LMaZVXBrZQ,1,no_pair,,,,,,,,,
43UKTULPFkHd9K6a8nWjjwtisEgWRWPoD6ocEmH8pump,1,no_pair,,,,,,,,,
McpgFn2CxFYFq6JLiBxeC6viNfebLsfsf9Sv5wcwKvL,1,no_pair,,,,,,,,,
3UCMiSnkcnkPE1pgQ5ggPCBv6dXgVUy16TmMUe1WpG9x,1,ok,7162.95,13.57,0,3,0.0,-0.75,71023,1375.12,raydium
6GouW6wrG5Gt9XxqKHxpUuFwJgcNk5ewbGHkoaQwkggj,1,no_pair,,,,,,,,,
6CbmyYgV7emNA5qqpp9uJQ4UcpF43vXongLdngndgLwH,1,no_pair,,,,,,,,,
HwjvtF98ZtN5pbUvoSyGgkkL3ozrcYPEF1V2gkvSpQqX,1,no_pair,,,,,,,,,
Aczz2X9aKAs1aokSR2RKLzTKodBXke2kGfc44dTvJtTK,1,no_pair,,,,,,,,,
4MxLAkBW2YX5uvKjcrd9axTrKtkm66NfNK4mFoSNpump,1,no_pair,,,,,,,,,
8znSBKscE4rZ4orEims9QFNxzi7qzs5KDxtGiGq8pump,1,ok,5513.63,0.4,0,1,0.0,0,3080,782.86,raydium
5JnZ667P3VcjDinkJFysWh2K2KtViy63FZ3oL5YghEhW,1,ok,19533.02,31.34,0,1,0.0,0,61712,1375.09,raydium
HonGuNXoyM1h6TMd1WYC4a1Q6JM6PLmFJtwXuWMdJiPt,1,ok,2639.01,1.97,2,0,2.0,0.15,28460,910.7,orca
DjYrvmmY6ojf2f62TckYxBtCCHCJNbr9A4EXFwH3pump,1,ok,16917.41,112.99,0,4,0.0,-2.52,18314,701.47,raydium
q4bpaRKw3fJB1AJBeeBaKv3TjYzWsmntLgnSB275YUb,1,ok,0.77,0,1,3,0.333,1.12,3633,1373.28,raydium
f4NMCNnGR7qiCxDfGgFoXp6B4JFTHsHVn7eDYJ9pump,1,no_pair,,,,,,,,,
8MvZBD73LCYCGMtt3qtDY8sFmc13aZWQTQdJE3sALTa3,1,no_pair,,,,,,,,,
GmuDPCQg5TVnJeCewXmzCQ9fHRBgBo6vTQ4mHpyP54cv,1,no_pair,,,,,,,,,
Eh1i7TbzaEb5d43JPN1imJG24Buxu8NhsCkGB3zFHqAa,1,no_pair,,,,,,,,,
EV52xqgCdYtVtT4rPNVuZZdTMcpCsRuw2Mx3EiENrLVx,1,no_pair,,,,,,,,,
ARWF9S58oSNMfpjyasDDib66z6BCoHWBp6bfjsbkLGz8,1,no_pair,,,,,,,,,
XXF45hLYYVEg9fcnnujCxvRRMf43UR7pBk5UymKeWTP,1,no_pair,,,,,,,,,
E6L9YxLdB2MkKMZXYc9aziSV4EUPp4G1bbYqA2TTpump,1,no_pair,,,,,,,,,
AfARcLLqRHsZc4xPWHE9nXZAswZaW294Ff1xcYQbjkLq,1,no_pair,,,,,,,,,
J7qUMF3kCZNeWpeCLQ9EPXCUc6E369uB9dCaYz3Qz78r,1,no_pair,,,,,,,,,
3fLzEPjUZp9nsbkiVFYnoNt6PxF3fkkGVtbCp1sEp6LQ,1,no_pair,,,,,,,,,
tEqT6WrXWs4ihziCm6YGf75iMdZYR8L6kUWfKnnAunG,1,no_pair,,,,,,,,,
4mnLXX8ySYPDgRRktGKBQiDaPx694YgPpm3pgmtHVvZL,1,no_pair,,,,,,,,,
7t3gRJFjr2qQi6CSz6PcdHKdsbLwgkH21wCnmB5Rpump,1,no_pair,,,,,,,,,
7xsMvYLkXvYQkv9CBLtLCA6rZmty79MXwWjk6yQcTxif,1,no_pair,,,,,,,,,
9V5otwffY6EYuxKdL17d2zJ6jicDcg66uZwDXgMF2fx9,1,no_pair,,,,,,,,,
4Fk7VFbyoirGsTtzzmXNqGYVNo2cyLfYDtpv4XqApsik,1,no_pair,,,,,,,,,
6RVwd7xVhXnX1VsZUiuvhuUBJX2gqH6umir62R82up1d,1,no_pair,,,,,,,,,
8nG5SttMmWHjwhjPtfAE2kp6fotWBu8L9wjVJ91ETnbu,1,no_pair,,,,,,,,,
6uZ7MRGGf3FJhzk9TUk3QRMR2fz83WY9BEVBukRvMRVX,1,no_pair,,,,,,,,,
Hdhv4QXRSSvsJoyuJFmUGMkFy3iXJWn89U1UTbrewSKi,1,no_pair,,,,,,,,,
453WvQ4tjjasUWFQAEpsv6mrx4okQ9rsDXBjcDhvfqjZ,1,no_pair,,,,,,,,,
6QfqtCrMX7JuzwfProRHGagKNb6TL1psSz1YtPaBpump,1,no_pair,,,,,,,,,
14qemj7FTx11oSsi9DQj8ZiW9HpdXDoPon7q1xBHbbqg,1,no_pair,,,,,,,,,
DXBhVTuKpzkdmUs94WJDizasfeF9jvgt4W16m2beZ6hS,1,no_pair,,,,,,,,,
chodeDSo8UYzBebGysm3djM6b2Cu54x5PwDXW8Tda2v,1,no_pair,,,,,,,,,
FFUqMLqYuSjKr19r6NDpYSoHu5Qzg51cUmgwnSyipump,1,no_pair,,,,,,,,,
AFsjLWptEg6pTSEAkX35ebQJLdbs54boiDrzFQ6mpump,1,no_pair,,,,,,,,,
2qsTfzAkpJrZy9q52HkYkwHzmpXDtYqKmpWKbPaZeZG1,1,no_pair,,,,,,,,,
8XwTPh5B2WWxSAHCBgq537oABeMSqAFaedaiaUXqXpv4,1,no_pair,,,,,,,,,
AAx6NcBeAv58QzttzmtKvLY3R1DbJD9mNGpqMuf71uVB,1,no_pair,,,,,,,,,
A21aykB7jHALtSh1791Fp1yk5XbrvEmtQQwM8BcXbQ1m,1,no_pair,,,,,,,,,
En3kViAo4ezri6eaA2qVdA41SJJn6pKJuxA74oPvpump,1,no_pair,,,,,,,,,
3xmpvtmCkkypJNgzk3FSZFKThKWv9UwGhGWstrp8vbjM,1,no_pair,,,,,,,,,
8bP8MvxXsEcemFbWByJonszCnWJ4Qgae8zmq5vsmT7df,1,no_pair,,,,,,,,,
9Ut2eWA6LcKjgPyx3eLkMa9ksQ37V2Q6SW7JqRQUAMwg,1,no_pair,,,,,,,,,
Yefv2FUfPveLhLCQb6yhhKektwCBALdVCFs7qo97HnS,1,no_pair,,,,,,,,,
7bT34JsYiuNioq8g3hJARcb7cBmnMGYq1EYBaJDQ2nbo,1,no_pair,,,,,,,,,
Dz32zfqF2RB5TRGGEquXGjCtjCS1bnQSURaVKSQcpuTJ,1,no_pair,,,,,,,,,
5CzgWaALiMCMFR3tzgszrajSQFEfbVQRsShNostRpump,1,no_pair,,,,,,,,,
HQLsmEiLKYsNdEp69smP7mF2J2FP5XKtQLXrYREx8hAH,1,no_pair,,,,,,,,,
8LVGTQwYiEReyLJSrh1Wb9CxAHoy3dLZ7gBy5Fmtpump,1,ok,3857.27,0.55,0,1,0.0,0,2032,818.68,raydium
6CELgPhE4EBdzjDRKK24XiNN8Y7PBZZQGEzuxGuiuFDd,1,no_pair,,,,,,,,,
9WzW54N6UVgVtwYz6pdubeuuhotidzLJumAqZ3eZJubd,1,no_pair,,,,,,,,,
5zZwCgcGvEqjdshFpoS5LGAiBCkg9CHhQatmXchYJGU1,1,no_pair,,,,,,,,,
3eFtyspUwv35wPdLLVZNp1cUJ7sQrKmzcPbJHfnWViGv,1,no_pair,,,,,,,,,
6gQTGwCvRpNgNTTGsXXtVnSF1xvL5uTLt7jt8GKzpump,1,no_pair,,,,,,,,,
Aj7VQB9j7G7MQ3ukpXF8xn39YiZ1sStZZoLAyxgybLq3,1,no_pair,,,,,,,,,
J8koYvyddHGnjw4W5Xk1vnZxmKdtUeVJup7ghhzVpump,1,no_pair,,,,,,,,,
ABn6xHxz3PeLTYP8eVG6LcBQt6NWPkVmDRHD1BRYDrK2,1,no_pair,,,,,,,,,
EPKSZaLCjU5wVyMPH3N2rrNDgmJsuQQtFDiTEP1Jpump,1,no_pair,,,,,,,,,
5UDpbvgkdrkJiUrU3Zh4xuLyaHeiEJMZfC4vyjpspMJU,1,no_pair,,,,,,,,,
FDTgv4LG8jRea2DFNNox2pNq6pjf3LbtFbW3bJ41UyT2,1,no_pair,,,,,,,,,
AdMf7TVNcGqhbxGVPVKZm7dd78rdkgRTHPbkw2dBurRw,1,no_pair,,,,,,,,,
DN7f5YE9omU9PzX3cFBuaRTqpzuePA1P3umcGUMjozKm,1,no_pair,,,,,,,,,
9iPQQjQAhuBF6FxAtayChAEJFcv3n9Kyo4fnqFe9AU84,1,no_pair,,,,,,,,,
G9UBR1NhprFapDT8p18ureMVFGg95rRd4AtMH3p8JgxD,1,no_pair,,,,,,,,,
HGgyCRfbNoT3Hy5ALnGsjf4iKy5Mn2Vvv4kcphy8sLUb,1,no_pair,,,,,,,,,
FwTkVa9gVRdXg1zR6dqSqr6EQpTjBWHNiwmAhBEtHmwc,1,no_pair,,,,,,,,,
ELffK8bUZVFS4T1Au3dLYPvHtigqapsaaDkxuMQVuE5T,1,no_pair,,,,,,,,,
4Ecp8eByRhPT4g1V2818SLQAm44dkoqpL7wuDqK5wXYc,1,no_pair,,,,,,,,,
hGBiwkjPpoakMNgU1SFVs62ZE3iRf3NJwDRFg5H38DE,1,no_pair,,,,,,,,,
34fZUkhcDUppJASWk2Wipp8PPpaaFkXwqDMUcbKhZUFm,1,no_pair,,,,,,,,,
EBEYXUowTvxGsKNJPVtT9ndFdoaaZfebX7PemSJ1Xwhg,1,no_pair,,,,,,,,,
B8TU35G8skUUadCPB9RRdBTfCDVLJv4QZqT74fQf15gc,1,no_pair,,,,,,,,,
nosXBVoaCTtYdLvKY6Csb4AC8JCdQKKAaWYtx2ZMoo7,1,ok,468203.79,36661.06,122,213,0.573,0.69,28691866,282.72,raydium
94Nb4UowH4QWFfXaNL46kSVVGeJV5zy88bs8KCxnmwVN,1,no_pair,,,,,,,,,
2es81HyBMQZNG58N59agBKdzALJG9CrWkFtViuo8vAzE,1,no_pair,,,,,,,,,
4Y1zSTokxKVHKqkc5KML3DPWd9DzArTbgZydvncrVVaa,1,no_pair,,,,,,,,,
8U9qEJx4FRg5wKYiUCCJPNKXSzqNA1sxHxYowfB47zQx,1,no_pair,,,,,,,,,
LTPWKUSRj1zDU71RNLKgdXsS2cDcXoDdj88ZfEZMba3,1,no_pair,,,,,,,,,
WLunuPhv1wemBFVsseLNacRaNoBM3CuXFiydkukpXWb,1,no_pair,,,,,,,,,
2Va7TEcENnAHi71ZrnxPRhGnjNGVED4qs2nQKaxCQ9Xc,1,no_pair,,,,,,,,,
9dLpr5DgNRQN4VX3z6LTEVzwVrnEgDWLvmz85Ad5dgce,1,no_pair,,,,,,,,,
MBfZmX3dCVK2HhVGXiEGfHZFtcCsdS5DuV9TdFhpump,1,no_pair,,,,,,,,,
359UPi1vKerydZfMnPzwdJK2vusQxSUPHxmdLBZSoZVw,1,no_pair,,,,,,,,,
6wxtKaVS5FVJVq88KwMG7AvkfGGC8inV32sgvfs6KYjB,1,no_pair,,,,,,,,,
FGS64NHb4Gzva7A9ghmHjWxbU26QzbDqhbFHBtbp1QGz,1,no_pair,,,,,,,,,
Gfriw8UxGEfaie5iJxJcVqQ86korXPpCbdXBun73pump,1,no_pair,,,,,,,,,
EUQAHt4UfVzzZKUQZk81jqjw6vbNxebaAZpgdo7QPmb,1,no_pair,,,,,,,,,
9tcz9iAKWLxsZA2YrRWepkfXEwURhuhqq7qpa12epump,1,no_pair,,,,,,,,,
77vDEYDGxP8h9P3XktmmdZzqC2g9BkmjPcoAy7vY8gaJ,1,no_pair,,,,,,,,,
USCRdwZP5UkKhJzhWuD7XjTUviHBtZJbLG7XpbKng9S,1,ok,142569.57,209.25,0,10,0.0,-0.57,1693652,331.21,meteora
EHiGnstjsXUheCD8WawoupEZ9mWGwDnCBSxCacWQWasD,1,no_pair,,,,,,,,,
Ft7gUgXZ7p8DiMyrj3XZhsqaJCbXVHMGq9prRRb3pump,1,no_pair,,,,,,,,,
4XtRbgB65Desc4KKizz9ZF4VpUohnzSjn1tTFj746PVL,1,no_pair,,,,,,,,,
FFaAxv11VXtFcZGVJYTvcTGLcCzj7cqD6VfbbK5xdKAe,1,no_pair,,,,,,,,,
