address,chain,category,source,label,detail,ref_date
13R6kExQpmsZUK259gW643WaJLpeUoNvaGpRaepE3zp,SOL,community_reported,chainabuse_sitemap,reported,,
2HfbKHDxiRx9rqZ8Db2eyRLnPR92jVHQWvzF6hQFiDrQ,SOL,community_reported,chainabuse_sitemap,reported,,
2TAXT6SaR51tiGYfYcYUvKy98RyqE4JVJvpfaLnHKb1e,SOL,community_reported,chainabuse_sitemap,reported,,
2ipkx6iYkkn63SQAbyodAeYuHqJpCEwFgTVH2txB3sYD,SOL,community_reported,chainabuse_sitemap,reported,,
2nr1bHFT86W9tGnyvmYW4vcHKsQB3sVQfnddasz4kExM,SOL,community_reported,chainabuse_sitemap,reported,,
2pEhng25jLz9xMhY3jEBhNRjL9SuzZZFR3pYkox3523g,SOL,community_reported,chainabuse_sitemap,reported,,
31qdjWfYL5wVZeXJtVew469enXmJkGQKjZy7PkFK4cKi,SOL,community_reported,chainabuse_sitemap,reported,,
3HRtvzbG2utgLo4S8YVsBdgzzVAtvucKPUREA8uaV2br,SOL,community_reported,chainabuse_sitemap,reported,,
3HZmQ7TVkhcuPu5jb349LARJYP8LMVC7U31qsCuYCkso,SOL,community_reported,chainabuse_sitemap,reported,,
3JHZn9YjHRAW8R5eoyUVbykyCrrKRyymFH25gh4G58br,SOL,community_reported,chainabuse_sitemap,reported,,
3TDTq6rwu4ngasi5DnpkKYnDSyrDAemKyuN5j9YuzAJj,SOL,community_reported,chainabuse_sitemap,reported,,
3ahu35qr3BgxbuFpx7jWezFFWewfyMa5VWoGLTrkTYgb,SOL,community_reported,chainabuse_sitemap,reported,,
3dtsKYH6atDdWJWksCW6bEQE99xXAzWoKW5ZKvA9GzGq,SOL,community_reported,chainabuse_sitemap,reported,,
3zP2zyuEqg2Kc7ZcyuTSffJpBnWDw9R6aoVhDiAYEFd4,SOL,community_reported,chainabuse_sitemap,reported,,
47svHThN3jD5qmf9WrzetVmCvLD2FpH2PJeK3wuyiuza,SOL,community_reported,chainabuse_sitemap,reported,,
4BGKKuj26cbxJNszGXMMzw1gettydfg8SVfaAnRWZ9ud,SOL,community_reported,chainabuse_sitemap,reported,,
4J9Gd9W1exmgakUHXStWW7wCs1kTc86TR9pUH4ia45KM,SOL,community_reported,chainabuse_sitemap,reported,,
4Lr21mYUtoXC6xcxDL4jwEaJ3um8v91i3Q47K6fwaTDg,SOL,community_reported,chainabuse_sitemap,reported,,
4NwC5KkTcfPtrvm4AS7ntCMxCv2eRzU1u7QqyoTjLPPb,SOL,community_reported,chainabuse_sitemap,reported,,
4QEHa1WBTAGiRDftricd3obbQZQuNL3oUfRerTndc3i9,SOL,community_reported,chainabuse_sitemap,reported,,
4ZCs7eP7teTFcYRazHWZd4FJRwjqFpuBTY6j7AQ79jcv,SOL,community_reported,chainabuse_sitemap,reported,,
4bZvoQdQxhbHXwaoC4zFyyL5Yp5ngMkKAbrgpTWEjQBH,SOL,community_reported,chainabuse_sitemap,reported,,
4gnSvWrbjmmARvrsieuCThLvqMQrG6y7QiUiMB2H1cTp,SOL,community_reported,chainabuse_sitemap,reported,,
4j2Bi8CNhZKpmv3fgeeSABdpB66U7xWDD9nnnaZCuFZ,SOL,community_reported,chainabuse_sitemap,reported,,
52Co2BSqb6tA24u7Jp4fgFQqnvbNaNhtu3JbvZ6sduWr,SOL,community_reported,chainabuse_sitemap,reported,,
52vUsUcVusA8HVRjz5jC7iJQEdXGnGv3TLwHLhLCMaJ3,SOL,community_reported,chainabuse_sitemap,reported,,
56dfkDZei4Sozz8Bs9ERimrbsPKBQ7y3R3kBtwFMJChX,SOL,community_reported,chainabuse_sitemap,reported,,
5ByuwsrVFpngose6ZufHMXHHKjQnQLSAQ6DBcoZuUSwf,SOL,community_reported,chainabuse_sitemap,reported,,
5HAst99rxwH4f1bYFyvHw5hm4hVCXNY7gLyzUpNdGMW1,SOL,community_reported,chainabuse_sitemap,reported,,
5KywdkYM5buWzjMdZQSFKMoRyWEQvjyirVjErvNKJoho,SOL,community_reported,chainabuse_sitemap,reported,,
5LdUdQeQ5md36aCrrEpM5sKG6AT25bJDPTze1xRDfgMS,SOL,community_reported,chainabuse_sitemap,reported,,
5Rsgx5kvGx5FaXNkXefPb542F5Qg5GXx8XTigXjG1MtL,SOL,community_reported,chainabuse_sitemap,reported,,
5WwBYgQG6BdErM2nNNyUmQXfcUnB68b6kesxBywh1J3n,SOL,community_reported,chainabuse_sitemap,reported,,
5giB4Sy4g1NZENnViVbViXPk9VAif6N23VpcYDQ38art,SOL,community_reported,chainabuse_sitemap,reported,,
5tzFkiKscXHK5ZXCGbXZxdw7gTjjD1mBwuoFbhUvuAi9,SOL,community_reported,chainabuse_sitemap,reported,,
67sCNziG6MPms4RfpPofVjRB31gMM2YMbYXRYRbYUEbr,SOL,community_reported,chainabuse_sitemap,reported,,
6AvAkhNCnhZXodTij2hQbPxJ79ctbLeBHvhAeyKEgPPV,SOL,community_reported,chainabuse_sitemap,reported,,
6CFx74Frr6ocAivKHn2XMEhrzwAFiAjhCVWJhY2gAVdV,SOL,community_reported,chainabuse_sitemap,reported,,
6D7fgzpPZXtDB6Zqg3xRwfbohzerbytB2U5pFchnVuzw,SOL,community_reported,chainabuse_sitemap,reported,,
6NntVb6y5Ckwv9eu6E693aDATsFE76GE1ax5VJqsWJhE,SOL,community_reported,chainabuse_sitemap,reported,,
6gvBf1D73QmNFV36oKpRCqkLE1hrDYH7pcCwFvSa96Uf,SOL,community_reported,chainabuse_sitemap,reported,,
6sEe5Asitpa6gpstVPVgnPegCoscJBiZNBk787N4CNEq,SOL,community_reported,chainabuse_sitemap,reported,,
6uhD4cWsiFgRaH7KC39waEVb6quJprgrUhkCTH65pwPM,SOL,community_reported,chainabuse_sitemap,reported,,
76w4SBe2of2wWUsx2FjkkwD29rRznfvEkBa1upSbTAWH,SOL,community_reported,chainabuse_sitemap,reported,,
7DQ5g5VGKErzWDQDfzHkBTsHdHy8F69SJPNPSVkStsQE,SOL,community_reported,chainabuse_sitemap,reported,,
7G5bBWvQXj38EG5GCyCb5CFXhTNJjK2bzYYdnG2db2g9,SOL,community_reported,chainabuse_sitemap,reported,,
7LprG27q4CM2gJrqWcDmu9W1ETWZEMyiYeC8QB71m4TR,SOL,community_reported,chainabuse_sitemap,reported,,
7NgKBuQ98KVC41LreQhoU7AHvfM4oDoa5EFrE9tyh6ra,SOL,community_reported,chainabuse_sitemap,reported,,
7SAE21bjc3BXMAbfa2efgDhBPFYQpNKZbCg6RxULbcZ6,SOL,community_reported,chainabuse_sitemap,reported,,
7b7ffRv8n2hjj53d4cVUtexmnUqH4MKMUoUrEVd49L3E,SOL,community_reported,chainabuse_sitemap,reported,,
7cSycnDQjX7oRnLB2MeoVfuDfz8ab4wpmocoE8UCwmUM,SOL,community_reported,chainabuse_sitemap,reported,,
7nRCFwUnZpPYbP4T9hsAqaUaqu2RHx9VhBuvfLoLiMRt,SOL,community_reported,chainabuse_sitemap,reported,,
7nYpq2Ynk1J4XYJri3Hcn7iCGbqHMPrysEB3cLiXb1n5,SOL,community_reported,chainabuse_sitemap,reported,,
7wWH3eggXr7HNprgif5uujPrt56QcTtRC3DP6MKqK9u4,SOL,community_reported,chainabuse_sitemap,reported,,
8C96GXkoaZvBjJisPGhajuXMhJQSSJtmprgzi8rR41hw,SOL,community_reported,chainabuse_sitemap,reported,,
8EafB8VStntJmKYxVanVc1BMvkY4Rkm22fYW4VboJfTA,SOL,community_reported,chainabuse_sitemap,reported,,
8bPSzDB3w1YGSRLodxTaqG1oENRiXQLCFuXFamMf7hYg,SOL,community_reported,chainabuse_sitemap,reported,,
8beT2XMuQTDBJGCSdmVMrGf2J2KE8dkwyUcZgaaderzr,SOL,community_reported,chainabuse_sitemap,reported,,
8c5eCsExPqPaaZ8piLiY43ky5d85YRP1stYZtVKx4caK,SOL,community_reported,chainabuse_sitemap,reported,,
8f3c3mnwrKs9wGnbeEgHifLdHPpRLpqptPFkeRcp3mfU,SOL,community_reported,chainabuse_sitemap,reported,,
8vmfpC295wnxH7mnPw3GpfvD9mCCdJBj81mPfe9PL9Wi,SOL,community_reported,chainabuse_sitemap,reported,,
8wvPyUe9UmusjkEeMKnyDAWAztcUu3aWBsqwn8sRjLXK,SOL,community_reported,chainabuse_sitemap,reported,,
94ZdMs6EFRRNGX6cVhGCVeecBVVfXedpGnmvYUdMd8cS,SOL,community_reported,chainabuse_sitemap,reported,,
9GDN5krysAR8xGnLaRZTvzcPzfmForf1VjJzUqCSksqy,SOL,community_reported,chainabuse_sitemap,reported,,
9KgwCHRYU6ZmtjYZwb7vrgtRfNwy2bjCcWBugrAMKC3j,SOL,community_reported,chainabuse_sitemap,reported,,
9REGzdSgpwqMxbQ81eftqWXzdA4AUpZ9Xeh3jv92CNDp,SOL,community_reported,chainabuse_sitemap,reported,,
9Yr9mP61Jc7pjhAo2Xfim8334Q25HoZGeJ3rH6vvwbaX,SOL,community_reported,chainabuse_sitemap,reported,,
9wwfzQ7yGkB7shUifwqRUrRruDksDzSXKBcF4ETwzoYB,SOL,community_reported,chainabuse_sitemap,reported,,
AUrox7sHx1L8mxEPrNqkVjHa16CXQ73UbgZtZTNPNLjx,SOL,community_reported,chainabuse_sitemap,reported,,
Abih5VzqFR8qMCJZNi1C7pJjkVZThgaKk9r6gjv1kYmC,SOL,community_reported,chainabuse_sitemap,reported,,
BC1QHT6PZR7V42MPXY6JHJXYPG65CQAN69RWNU7UYH,SOL,community_reported,chainabuse_sitemap,reported,,
BFR6WoBZg12LiidMXgDA8n9zkcqJ9sBK86dLQ7hF22sp,SOL,community_reported,chainabuse_sitemap,reported,,
BHFssygBCg6r5e12X8C48dZUKLoZcbiPeyBeYhqt4KFU,SOL,community_reported,chainabuse_sitemap,reported,,
BMBYtj69YjRPPPque4gsiQdNUiNh4FEpXpvNonhEuYpr,SOL,community_reported,chainabuse_sitemap,reported,,
Bc1nF8fybSeShBCdUnWhG9MbbXrf6pvX6dVN32a29PMM,SOL,community_reported,chainabuse_sitemap,reported,,
BgAPtMTBV3mo18uQ3k61ikrJBWVkfXZjxT5UqCxbEe5U,SOL,community_reported,chainabuse_sitemap,reported,,
BmgFSsNKAKPgpo9U8mKZJ8kgCmHdnKX31UkpTMJaE8YB,SOL,community_reported,chainabuse_sitemap,reported,,
BnQ942SdwPcCDp9qtSwkmy63fXxoAKFM6tpgxhaajPJ6,SOL,community_reported,chainabuse_sitemap,reported,,
BsqT9oQ5HaRuGPaNstpSy9wNjQjAenEM7igzKx1xjzW3,SOL,community_reported,chainabuse_sitemap,reported,,
BtVGaSY3wsxy4DfGKVYay5S9QmzuRv6P8AMiuEocTwBV,SOL,community_reported,chainabuse_sitemap,reported,,
BvaQ8qJJzTsgRPtWy5YZAU2CATTYgUNAF7Gw63y9a2wW,SOL,community_reported,chainabuse_sitemap,reported,,
C1ResCfLjchCut1seuTvEZa1QMsDpdTZW26A9NRQjBwc,SOL,community_reported,chainabuse_sitemap,reported,,
CC5hyoYumpLzsNEUUsConETU4xBj7oTGpZ3eYSZXHACd,SOL,community_reported,chainabuse_sitemap,reported,,
CEzN7mqP9xoxn2HdyW6fjEJ73t7qaX9Rp2zyS6hb3iEu,SOL,community_reported,chainabuse_sitemap,reported,,
CT4BJTcwKDa5P19Cq4uqDK8hcBwWooB2rnDyTAXvXT5K,SOL,community_reported,chainabuse_sitemap,reported,,
CUXfEcNvXD3dvYu16moFzVbXXTfxfZw6GsFp4r24zf11,SOL,community_reported,chainabuse_sitemap,reported,,
CVjpUwfi9HvUAT9HrWGEmGcXkm8ZHwFKHqbWq1Yn95ZN,SOL,community_reported,chainabuse_sitemap,reported,,
CZCHccG7sbJ523ZGNApvJn6HtRZTn63ba182f3TtMAHV,SOL,community_reported,chainabuse_sitemap,reported,,
CvrZWh7MrtesNXqaBr2NVFK9ADMNLPsSw335n21v58Lc,SOL,community_reported,chainabuse_sitemap,reported,,
D8z9A8mRJNe9CVMAevFz2gsEdmC12bXC1AK758umb7GC,SOL,community_reported,chainabuse_sitemap,reported,,
D9fAA13WkiU8jR3GkjFKLW966AkEKLZgKdB1hxQkd5CP,SOL,community_reported,chainabuse_sitemap,reported,,
DJ7doi4vLtL8N3kpQjh1YK91gcK1a4JYmeUPtJL4bE4K,SOL,community_reported,chainabuse_sitemap,reported,,
DN6FoYTNFTsjQ6ybBVqiL6MCNcSKrww4pgt6BiDtS29G,SOL,community_reported,chainabuse_sitemap,reported,,
DViTjXvW1hANLbcSkeKBcEgAbmjLAQYCudKKjhGCHf7K,SOL,community_reported,chainabuse_sitemap,reported,,
DXRAhgxEwP5Gpz51ZYsL8XoEh16vsUfKzi5Kd8SBF8rP,SOL,community_reported,chainabuse_sitemap,reported,,
DY29znXDx59Mz3dp2sT6e73SF7oftfnCGF5LC4Zgf5wJ,SOL,community_reported,chainabuse_sitemap,reported,,
Deu4wPQB5jWtXLhJ2bENWfmrS5zpDeMzrY9UHTrX2YJ8,SOL,community_reported,chainabuse_sitemap,reported,,
Di3UUJZK3vSRe9xCshsrN65rKkwMr6jKAEiZHQCxhUqe,SOL,community_reported,chainabuse_sitemap,reported,,
DvBWo72YfLKXVmfbgJe16h32hdDjpTouQvgJQGxV1c8W,SOL,community_reported,chainabuse_sitemap,reported,,
EMVBc8bJBvUzJAY4A7UEaUAkJNP59G1jmK3tHkNT85cG,SOL,community_reported,chainabuse_sitemap,reported,,
ENgsysQE1QQHGRdgSRmVv4QtyjGcUrdD5Sp6c141K8ho,SOL,community_reported,chainabuse_sitemap,reported,,
EPoNXCrCdwkxZL7Pe2gH4mPS6TFHMgYb3UuNcU67vCJH,SOL,community_reported,chainabuse_sitemap,reported,,
EUjvi8Bv3wcE4f5rxA4rXZtbCQw9wEUjYpzhjhEmLSzG,SOL,community_reported,chainabuse_sitemap,reported,,
EqjpdYRtHhkNWRCur4zsoEcsjysJzoAecrtQ59qryEah,SOL,community_reported,chainabuse_sitemap,reported,,
Esmx2QjmDZMjJ15yBJ2nhqisjEt7Gqro4jSkofdoVsvY,SOL,community_reported,chainabuse_sitemap,reported,,
EwLuX2y9jmDoZafSoHoTgV9zP3958FxTZBZzYMM5xGWn,SOL,community_reported,chainabuse_sitemap,reported,,
ExetWU1aDdaYnc1LbiNawcFNjH1ot5TzN59FmTv7j265,SOL,community_reported,chainabuse_sitemap,reported,,
Exi964mWHtpazeVMo4nuEjeYzxRzo1ANt5yyREXvBRFc,SOL,community_reported,chainabuse_sitemap,reported,,
EzcUptsX3yeQM2yse9SuR19nZJJo22jZbhbaj694Udjg,SOL,community_reported,chainabuse_sitemap,reported,,
F4dF9bnf5WxcfTJnDxt4D4t2CipseQgESXS24YCnNmZB,SOL,community_reported,chainabuse_sitemap,reported,,
FCtJjQSGRmBkh6D9Bgzpuc45cUdhaB45uwiDU4RLRoF6,SOL,community_reported,chainabuse_sitemap,reported,,
FTXw9aVwZryUuRH7atedkEKRiwfHWG6tGZnPejWMB3Vk,SOL,community_reported,chainabuse_sitemap,reported,,
FVyEoyV8AcoZufpY4oHR9fLbcKcWiZDwrARo6RX5mf7d,SOL,community_reported,chainabuse_sitemap,reported,,
Fe5A77H6ZYp8x9TijiNUbZy5qSW7oc1b3tqLkdoA8kDB,SOL,community_reported,chainabuse_sitemap,reported,,
FgqbtTG2VnqieXf1uUuhnNL9Br9yofkFL4mtegUjobbB,SOL,community_reported,chainabuse_sitemap,reported,,
FtwTTv7oXKDqRFP8kXXkP7AMF2Eordoz2svccktdG3yg,SOL,community_reported,chainabuse_sitemap,reported,,
G7hqnVmqCoWmYXjupRfgHu3iZwxnEbQnEXre7r1srZWt,SOL,community_reported,chainabuse_sitemap,reported,,
GTysRdcv63k8c5tu2m7Vp3vUkQmd9HjoHfEacPvjdPnj,SOL,community_reported,chainabuse_sitemap,reported,,
GeEccGJ9BEzVbVor1njkBCCiqXJbXVeDHaXDCrBDbmuy,SOL,community_reported,chainabuse_sitemap,reported,,
GkzZ9C6vp2Ju9u59aF2x3iH3kUkXy5aV8JtiwcpVkjvg,SOL,community_reported,chainabuse_sitemap,reported,,
H29KMo54a65yHCjqNYfvAkSGGuhJMmyP3DozpcvCi3p5,SOL,community_reported,chainabuse_sitemap,reported,,
HJxJuUH9Gs1MaDev7aMLKghRojGxrdaNusV6iyo5F5kh,SOL,community_reported,chainabuse_sitemap,reported,,
HRyb11gGqwgJL67vLjevtBea1ZWZg6pC38QBQib8p7DE,SOL,community_reported,chainabuse_sitemap,reported,,
HdvF4cVmdxKT7vhuNpyhFGaNZbGopcxsz4CjaSZdTHww,SOL,community_reported,chainabuse_sitemap,reported,,
Htp9MGP8Tig923ZFY7Qf2zzbMUmYneFRAhSp7vSg4wxV,SOL,community_reported,chainabuse_sitemap,reported,,
Tc8DLj8TQyKTJRYkbe6zwkUL9rpFq6D3v54R9NBFguX,SOL,community_reported,chainabuse_sitemap,reported,,
XzR7CUMqhDBzbAm4aUNvwhVCxjWGn1KEvqTp3Y8fFCD,SOL,community_reported,chainabuse_sitemap,reported,,
de1V7Ep7xggpjyCYHyukUiBPXmCWF3TDs5U7p5tsouh,SOL,community_reported,chainabuse_sitemap,reported,,
drop8Ms97kdPbEFebP7BrskRM8tQQJLVvHZnozcAQQS,SOL,community_reported,chainabuse_sitemap,reported,,
hckKDRDZ9CcJXVsYNb6K1Y9MVALTRU4kcWL8Zwv8SEM,SOL,community_reported,chainabuse_sitemap,reported,,
jTZuwZvEJMcdLkcD4RUNt8ap3vDKz1gRrhrbe3gn5MB,SOL,community_reported,chainabuse_sitemap,reported,,
so2u5SrdYppTFEXgRpb7vfgzaveQfAsLKsmfbG5KGaE,SOL,community_reported,chainabuse_sitemap,reported,,
tWFWG1x3nKGBgcLKp2hvDtpSYLwBs2MCB1wPPhQZrKn,SOL,community_reported,chainabuse_sitemap,reported,,
wefwqerdsafadsfweqrf2fdsfsdafdswqerqwersdfsd,SOL,community_reported,chainabuse_sitemap,reported,,
