address,flags
0x0004a76e39d33edfeac7fc3c8d3994f54428a0be,stealing_attack
0x01dc4656603ac33d3eee77f16209552b46f5b7a9,
0x0258c2af4fe694df026cca55d17feebd5b361acc,stealing_attack
0x0313706aabffef64fa7168c1f272f4fc15bec8b1,stealing_attack
0x042469a11d763b8a91f5322fa9b4bad7ee72a204,
0x05324c970713450ba0bc12efd840034fcb0a4baa,
0x05ae4747262f351ec861355987e8ed58a78f10ca,
0x05c8a416ae8db42b737a15c4c3ff5f5bef051fef,
0x0672899dbfbc07ac76b8e2d3fc0c43ce3058aa49,
0x070ca92f568037d351666b3918a0f6ba7ad20ed1,blacklist_doubt
0x0a360bd648eb86613961a2aa41dc1610c5305f4f,stealing_attack
0x0a9ed2a9d3f811b3cd6ad673cdeccd88047618ca,
0x0aa773832e0234f360101cb41f361d5b29265c1e,phishing_activities
0x0d043128146654c7683fbf30ac98d7b2285ded00,stealing_attack
0x0d7dd12449005e1700716324ad54e93386f58cb2,stealing_attack
0x0eba461d9829c4e464a68d4857350476cfb6f559,
0x1046726f5311e721e1d532c9a59d654b339433a2,phishing_activities
0x10da75631d05fcdf5451cfd70eaff6bf343307e9,
0x11576cb3d8d6328cf319e85b10e09a228e84a8de,stealing_attack
0x1234e2efbcb9dbc0a1f61e16440d1131735efb7f,
0x1243c27200f2af690ae1c0a1234ca47dc9543163,
0x1499afd2a33adc51b157988c57252c0d47abfb5d,
0x15824de78a61a8b493ccd8a48e58463536b17028,
0x1690c80f392a8ba83e2f755b1e53dd4503738698,stealing_attack
0x17bcc630b1409637d42dfb278f8e2ea9fc862631,stealing_attack
0x1b1a575a581404500b013be858ee9affffd21997,
0x1c097e02bcd6cd69946663ace4bc0b115e256bac,
0x1c7f7f7b66d1f6e9c23545c0156a6a1f676c0e1b,
0x1c93290202424902a5e708b95f4ba23a3f2f3cee,stealing_attack
0x1dbbd7182ee17720d09121c20bc658de28f2054f,
0x1e6050b85ad84a26ff75a73ea81d2814792200c5,stealing_attack
0x1f4ef1ed23e38daa2bd1451d4cef219c93b2016f,stealing_attack
0x1fa438c9dde4c8bc5c3411bc1c41b2d5aafb05ff,
0x1fa63a80d5f3b7b092e6b70dce5beba996a92fa6,
0x222222237c401664d14c615d53e2500d12540d17,
0x2334ada8b9d03a30626a86ea5f7eb36817d42e15,
0x246569f8b420c8d850c475c53d0d59973b3f08fc,stealing_attack
0x248999aa27c097e02c70558429e75ed1e5d25d83,
0x25fb126b6c6b5c8ef732b86822fa0f0024e16c61,stealing_attack
0x27c70cd1946795b66be9d954418546998b546634,
0x27d5cbbad1a22a912ae9d7cd514cd4d3b9139fd1,
0x284512d226465443e04fffe82fa20628a94d46b6,
0x286bbb823874121e7a7d2cb92d8897ba20e4a933,
0x2be102d023cf0432362be3708b63237377ac2687,
0x2dccdb493827e15a5dc8f8b72147e6c4a5620857,
0x2df1c51e09aecf9cacb7bc98cb1742757f163df7,
0x2e1155cf5374cba058a04fd03ebd0ba19afe580d,stealing_attack
0x31499e03303dd75851a1738e88972cd998337403,
0x3292e900c4ce6e03de34e3e6723045fe03c84e38,
0x333334049d3b456bd17046506eb1b87c8d417d91,
0x364f80ca7898dc578399d2c28b1436a357841118,
0x389a9ae29fbe53cca7bc8b7a4d9d0a04078e1c24,
0x39bfd1e48c38da0d599ff8a4cfb22e9c71ab355c,
0x39c46975becee0e12eb384d066228600e02ab82a,
0x3a0f9a097962c36a072f841ff2c752b38a7656f0,stealing_attack
0x3af55ab7edbca175f80f3a7ddeac5dabf611347b,stealing_attack
0x3bb16a8eee705d0002e16332b94e9e736bf7f7fc,stealing_attack
0x3e24f610639e105173003ef1c47dc4dbaa33f8d7,
0x3f8abb5f743e6123b773067c6a7202275c6c53e8,
0x40a2accbd92bca938b02010e17a5b8929b49130d,
0x430f4919d679b02dca4572579caabb7676d65f1e,
0x43623b96936e854f8d85f893011f22ac91e58164,stealing_attack
0x43ed5caadb3fbef610dad8aae621519b20b34de6,
0x4444444455f7a977353e443b2ef36afd1d67ffcc,
0x44a9dac239201def01b55dc8122ce1dc8bd55c72,stealing_attack
0x44f887cfbd667cb2042dd55ab1d8951c94bb0102,stealing_attack
0x45308f6abfc1c131d89ef41e519651b30a4f517d,
0x474604bcaf36fdf518becfcaebb0c98b5b85a152,
0x48cfafe2460570575e80eacd4f762c7cf8f6f3b3,
0x4f3ca5703788930ff3dfcb1852f5ac4dad06c13b,stealing_attack
0x505b8abf47bbc62d4f51d67ce8dcd0e20d26d43a,stealing_attack
0x5210bfdf0cfe6471322d597d16cf440f5ac59309,stealing_attack
0x526e8e98356194b64eae4c2d443cc8aad367336f,
0x532d6c35178195dde7ff21510eb77d6ff8f08844,
0x541b9034c82d7fb564f12ca07037947ff5b4ef2f,
0x546ceb88bf91318ebe0e88f3057974a37cdfca50,phishing_activities
0x5555555550a33ff78cece5fe8bcad75486a5dde3,
0x56a201b872b50bbdee0021ed4d1bb36359d291ed,
0x5707aa6944e357cea1a25ff991fb3a2e60268ab5,
0x576d6651e23363496d697088ecb46704e54c1245,
0x58f4baccb411acef70a5f6dd174af7854fc48fa9,stealing_attack
0x593dc5e1ad81667bbfc90739dd2c09c926920e3b,stealing_attack
0x5a297599c4bd1c3ef00b277f8a7369cb5b9bd157,stealing_attack
0x5ac8869b495f4411148df8a9f45a5ba0439c630e,
0x5e6ba75e0fbdc9a9dd0fbdee5d4b0bfeac9f0fb6,
0x5f58058c0ec971492166763c8c22632b583f667f,
0x626b3a959a3c6552ed13a967fd747172ac57df24,
0x64ab9377a2b3bbb61dd79f8997e7f8c1cc1a4de8,stealing_attack
0x64b31298a90edc88f04ed7dd345b16bf659d81d2,
0x65136b37b0d22006e4bab9890beb1899a0babda1,stealing_attack
0x655113606aafe1549dccfed4e120da22b6cdda24,
0x66b37234b9cf5a7fbbda45076e70164962dc7c8d,
0x66fe228806e3ce9fd06c8dbb9698014e8dc6ae56,stealing_attack
0x683a9d7b110e958cdcfb3671321bfe4442a0e568,stealing_attack
0x68d3cc8fce102d58b05767aee93b2b3fab8fe5a9,
0x6900ef7bcd4ec8e81d89808b6a089c4f6377e81c,
0x6985f1fc08e337bb0b1eb9ea708807071f766617,stealing_attack
0x69d2058be5ed028bdb530b870ed44cb878615ac0,
0x6a0012bddda0bc958c28691b373f6236e8fabaa0,
0x6b4679c15762da4b0fb5eafbde6ae81578aa23c2,
0x6be0873c769cb4e9fb3cd42fa25bc179945cd2b9,
0x6c90b98b8c5c41d615300b9ed774f85b29078ca2,stealing_attack
0x6e2f0deab1c358547b353342524489e32640d530,
0x6ffe6e183571139636b9479ca65cf99edc6be215,
0x714dda349ef43326791f923e8389a21d11378c67,stealing_attack
0x715cdda5e9ad30a0ced14940f9997ee611496de6,
0x71e8ab7c141a58bd79948c11c9d8d1f7ef041f47,
0x7277c705b5b1963b602cb4e3ab8e188d925bed00,stealing_attack
0x7405fe24003a50e4f4117d35e9b5a9f5e512fede,
0x76a7d086df4927c588de0f62de79db2ffdead666,blacklist_doubt
0x7d84d78bb9b6044a45fa08b7fe109f2c8648ab4e,stealing_attack
0x7e1f34418e2da204a8eabdb29eddf7c09a494a3f,stealing_attack
0x7e5433f02f4bf07c4f2a2d341c450e07d7531428,
0x7ef94684238844ac5616a3d1366348c8fac81bee,stealing_attack
0x812d8622c6f3c45959439e7ede3c580da06f8f25,
0x81a4869e941ca22d1a0ecff934abf87976d4578a,
0x836b003d1fdb16dbea2e34938b62144a826aae86,
0x8491b3921dcb0df0f9d530937e03280fbc14b225,
0x84ad3ad89cc96e82ee1d57151fdbdcaa823e6acc,
0x87128ac13fc7c8fa07b85f753a1e4d9085c4fee1,stealing_attack
0x8bea73aac4f7ef9daded46359a544f0bb2d1364f,
0x8bff7c3576b4e6f8738320d4cd7589ca3419ac9f,stealing_attack
0x8c8687fc965593dfb2f0b4eaefd55e9d8df348df,
0x8ca0c75932e845ff4291d6ebedc17cfbbc584d40,stealing_attack
0x8e066f69ce11aeae7b796a399ccedee14291d0b2,
0x8e2eb468d10e53f99639f02d58a19ab3d60cd07d,
0x90210001ffdc5c90645c347a583922c1b9fe8e44,stealing_attack
0x921a616e1abe03f37bbd9b0407ed9578b751cf73,
0x94f1b9b64e2932f6a2db338f616844400cd58e8a,stealing_attack
0x95b6656838a1d852dd1313c659581f36b2afb237,stealing_attack
0x961918dcc6f1f78f93e357182614c791041f401e,
0x97becbb90ff30513e7984e3bdce4863d03d59fc4,
0x99caa2dd9f1f845a9a01422c991c472d15ced1d1,
0x99f88917210aab027056c4d714f4fafccf663237,
0x9a012a1b9928aacfcc88fc9bfc65965a950aa9e6,
0x9a9fd8435a02cb1dc4c8f5db33f31aa5c56ca3e7,
0x9bf7a4ddca405929dba1fbb136f764f5892a8a7a,stealing_attack
0x9cacfcb41cb1db76fa6e632f62fababd8118bfa1,
0x9cb5b130f977fa3b82994993abec23ce71eb45cd,
0x9e91ae672e7f7330fc6b9bab9c259bd94cd08715,stealing_attack
0xa0bb1ebf52a9307f30509d3b385754c33b7f2e26,
0xa129ca835558a0f61a438392d1ae495a4fa32218,
0xa21f6ce344addae8f77965e03a00cc8b2549edca,
0xa251a3f2395bb53711095d2fc2890ae16a4d4387,stealing_attack
0xa3a64255484ad65158af0f9d96b5577f79901a1d,
0xa467a6c7ca8e812e997bfe50ce4e7991aad00a88,stealing_attack
0xa88800cd213da5ae406ce248380802bd53b47647,
0xa8aaed26ca4e3a401f1fb7ea1ac56253b946e031,
0xa966427be2be59a6d28953359624d1c225948147,stealing_attack
0xaa4436a1d19fd53275817d38b5282b9c3951599e,
0xabcde69d995a1ae7d976f5bcde00050de809ca08,stealing_attack
0xac77b44a5f3acc54e3844a609fffd64f182ef931,stealing_attack
0xace2d948fc7ea3bc49eee5526786d66d19bc470e,stealing_attack
0xacf03ff3a073f38c9e8837d36e768bfdcbf3489a,
0xb09e66b66b7daa35699496ff560e1034990e5e3a,stealing_attack
0xb0fa1f34899f5017bf2f7506a205ebe414a77301,stealing_attack
0xb1cf7880351e6d16313c03a6686b4c8a5ba6372a,stealing_attack
0xb30ec53f98ff5947ede720d32ac2da7e52a5f56b,
0xb389b4b4a8a6e267ca0712321cdca5c856ef8a72,
0xb42f812a44c22cc6b861478900401ee759ebead6,phishing_activities|stealing_attack
0xb62e45c3df611dce236a6ddc7a493d79f9dfadef,
0xb6b26e412f2fdaa7d8d56d613811fa2ff77f99f3,
0xb86369ed3754a404c5c0d5aa9da6400a9466053e,
0xb8defd92a3e6e1c930b85a02af1024f5defe11b1,
0xb9e19c5f6a07f3c11cb863506844b5d368cdfefd,
0xba36735021a9ccd7582ebc7f70164794154ff30e,stealing_attack
0xba8d86573139e6640ed30dfcedad268b655ac760,
0xbacef3a142e39f14f4f15e22e9248ee4141af18f,blacklist_doubt
0xbcbcb0e7e28414e084c4a40c1ccc30b75629a7de,
0xbcedc4f3855148df3ea5423ce758bda9f51630aa,stealing_attack
0xbda83686c90314cfbaaeb18db46723d83fdf0c83,stealing_attack
0xbdd077f651ebe7f7b3ce16fe5f2b025be2969516,stealing_attack
0xbeef0000072943d4872462d9c7bd727f672ecb27,
0xbfc560a48619e2ff496adcd76f5974a5d4236f6b,
0xc05c060759b0fc22cc0c7ab7aa609688a06493e0,
0xc310e760778ecbca4c65b6c559874757a4c4ece0,
0xc4173a794122644870c8fd07c226acf992507897,
0xc955915bd7fa544d26d5bb6547a8169cb37130c4,
0xc98963115fd7062a408974d801ca7f2963787687,
0xcae0c218a5ae785b533275e299bf7ac30834a8bc,
0xcf28556ee95be8c52ad2f3480149128cca51dac1,
0xd26114cd6ee289accf82350c8d8487fedb8a0c07,
0xd2637a42fdd65f981148f3fc480db2a57b418fb6,
0xd294ac18b524ff59ab7fffcbd459f11128220550,
0xd37bbe5744d730a1d98d8dc97c42f0ca46ad7146,
0xd4ac8325131512d792eeadd73b694b744de9d947,
0xd7aa2bd9e9407f682a379bed346088b0849b6434,stealing_attack
0xd7ad5a1db7739c01d9b4471c5b9ffb871f625941,
0xd95e6eab231b9f3afa24c31c7050bd84c2982072,
0xda79e97c5ada3fdb196e7c49194ce5352ba48861,
0xdbf0fc04bd11aae76d166fd08a6fef0b43e1dcbd,stealing_attack
0xdd39c04f784506b718f4f8e4ba7f4b8d3deafb68,stealing_attack
0xddb5ded6c513747b8b831d7521e00c3202bc08fd,
0xdde8cb0c5b05784093c9027519ba3d1f0326d303,stealing_attack
0xde617b937b6707179b858cb09645df6aa5922a4e,
0xe03a1ae400fa54283d5a1c4f8b89d3ca74afbd62,stealing_attack
0xe140fa14b320b6fc84405f8e633bd9877ceaec58,
0xe28b3b32b6c345a34ff64674606124dd5aceca30,
0xe56d461f957bb0e81ab6d1c15926cd9653aa6333,stealing_attack
0xe6832447c4286e2daa8d18fcb75ab2f608843c70,
