mint,label,creator,create_ts
11UWkTuhDK4wkzJzpYu7WnztNcwocNVZFPxVyhEpump,0,5tzFkiKscXHK5ZXCGbXZxdw7gTjjD1mBwuoFbhUvuAi9,1727534591
2FLDXgNLwffZgMGvPBLc4ABS2Z3MhWXK4EjnvUGW6sZi,1,8gKNYRjaN53Jqf1Q9yVDxyT1dn5y7okkdJLxmJCzFxSM,1726148597
2ZZaE2gNQSPZLEFiNzBewgQhj3wGpx4oDzuAawh4DHBB,0,Aaht75BTNLSaH6vVmCWA6rvZW27F2ozBcZ4Wd6SNSjgW,1717525643
2twniGDWiibKXDKeFUaeomAUXfcET9YdsRxst4XZf3E8,0,8888pJGiLZWngp1eesx89zz2GzEFYEvJyenMtznpFZGc,1726473246
3ER4YD8xEBCHqQKTLprVqK4Giu7uhbiiHQhd6oXcnPMb,0,3qEuJjT2tdWrBAYLkACuxpeBbzT7DU2XnTEBk6VfY4Mg,1703171583
3ZkzcYco6K7joBLRgZYG1fCHkzdk3tk41V7q135zjwfE,0,FdvM1aYLAjUkYBSBjbKA51mK37eeXSQCUvrYHk3FVxLc,1713755241
3spukw2M4AeJrdNXN2GRrSjsZhmziqTPVcWynCnDpueH,1,GM6mCzbaX8un9RGX2tJMezkQMpbgvD8px7zjkw6gswZy,1729001862
4BXJmKKLqM51eLqVTWNXx3LzKrzdJGKjw8phtaGUGp7e,1,A3srBd7XEs6QN89yayny7Fhov3oZjnhKwjJcRag8CxHa,1709888041
4UtytbgQ9zhthHR6FKsav8hDf2KKyvJjTuiApqaSqzLh,1,6GgxoiJgxZU2sARPnv9K1CvGUTRDJ8qt2Htv9iqDSiTF,1705409296
4pKLDWLAELVRDr9Lit7KvwRkt7XrmhBoen7EM4CoDQ1v,0,YA9Phe7cqb2vqmKJxe87bkZ7T3pmvMNTPFPtmGcyjqD,1712925642
58umQaDx3duQNwUCTbGAE5k6VaqLi8EcFgjFiXPTRjzM,0,Bpt6F7yu7wjA4daxF7vbCLuaGqGcWHf9Cz1nXnSN1Qyv,1727380263
5SupXmNTNGA24om5xGK5aKnbXwLjcDtj48MNDwVX7dtR,1,CFyHc6fB5CXtxi88zJVBgHvM1BjcYyLcZenn5oT9upfn,1701488698
5n5GbtWvuMSLnpxntScyrKmsstjceYpXH8mEzSr9pump,0,AsTySyN7EHM3RLpxeq5fgt9QLWRPsJ8W6mPAYCTmFZua,1722380836
66bt6DRDDHFMs4s6fZ5HzyS2fwZp3YTYwDvDDHgU9jVL,1,55MshadzDuEjqJ26WvoDy66Bcv9MqJRSZEfsUDfm7zeC,1711589934
6RTHVBGHs4heaU498xyfH6hU6HHrG4YhtsQRS8Vfpump,0,6xugSyU2mbGj72Gvy7mJXD6ebjFXNo3nD2r8sakkLeN6,1731031973
6jY8WkGqSg3SoLZznTsm9BzsZTPyfjHonjY53fEoLvkE,1,4sqHPg6ygBZMvLRJ9TuxMRBvJ9CYv3HSuKAfk35VU1Fz,1712710164
74JQUtBZS41N6TovoyEHRmWV3MVogMjgwJwG67VkXYHm,1,urbanizy9Jse2q9mDYW55Cc6P1P6zG7JCj2cut1BwMS,1713441988
7NbRTQjzhqYsLPebtTWBfHRvcBqf59Ey68F47fyaUpu3,1,61wq6AeiQyG2eNL4nxVCRZrH3jJtTf5cgetpBpHPwEpy,1721858075
7hivRARbcwd6dS4ZgXLm235koLjuKf1RpvzYe6AyFKPD,0,Gfr92X4xKSsHq57j73q7RBBdTLsVqABVPV8praJ6fZ9k,1720732708
82Sx6VKUrLUGUvEL8ymSaTZHRyEmGSfw1N6qNtUGefPa,1,Dhk9mWa2szKnaWfhTGhyr21PMG9VtyweYYbxe2cv83K6,1713923943
8Km7NcxU1avYSqwCaEHHHAbYMitLAzcv3r753h43huAN,1,2vAH2op1WzbBb7384XRrx7GCNQmnKQhkaGs5YCBqczuy,1709784463
8e2G3tCTvKAosq4BnYbDczboRVhy7xaXwbTSJeXEefJX,0,7bz4h6T4p39ozCnz7vpDmmiFNssyV1d1Hu3TKcDXmSXu,1646520812
8x5qGLrpFFpDYNsLHQJ6Q9LC3ZTGQ2uG6Aps9qYLFnj6,1,A9Gx6E6Vw7FuGntkk1Kwwosvanam1Vz9kmY7btRuuDnB,1673106827
9H5bSR9kaUiXJ9HqzmU5gwPuDXvQMPmnmyeZxEStVDSq,0,AsqngnKXohKVAxmUD8rbEzbTiWbfM46f4DwdNB1s6r2y,1706125844
9c1xHfavkqNZXJpo6fU5jcjHKFjfBLCFCjrvZ4SVoqqw,1,FreyaXYaCwVy86BdNECd7BXnqEvFUbt3p6d2B5eS5zDv,1720873910
9wHmboZmhb2BRx9WvPkpiTdpJhgBypje5MvaKhagkiHc,1,DdqX6barNo9eWp5beeGqn4aZrffcujYh2onmJzckBqPq,1726516784
AFpLYTKtYqeqTtMrojfzuUSsGQtiXwioaedGpDHHsGFd,1,GinYPgGwWnXeLE9SVxuNAjW9brwMeNsZYkhCXtY3WPiZ,1704894563
AZgZ14kSR69Qq5S5eQBzrETFcqAg8HR2pgeJmTb8Mq4L,1,HqSr61Szv2GUwVCgMCLET98kqAGcez3UyosFmPh3fDN3,1721411362
AsuV7WtF5faWTRRnHp3GwdXNi6sECw2ZJrtCEZVwgX1w,1,9q7fAufFwEKF85KG4gaPSoCohhZPLhjWqHJSbo86Usok,1702875724
BAnWqQNquMtJCBVgu9xVWkHTmozWzHiLMMjtsco7pump,0,6c3Lx3MMXWzgtoFrEuMAhRdkTkAQZZt7CN1NT4HoMDAz,1723506921
BU54DCPKZMcP5t1Seo28CccpRDJ378kx3j94QrisJBJH,1,C31DtGxRhZmpDj1mXHUN1MkE3zerLc9wVsargAdmjdoE,1705109602
Bn7M1LFkdvePFniXxuwaNaK4yuftGxK4wvXrjrdwscs8,1,AqzPDXy1GBrrGPv8TkTBZuoacordcj6N9Z3oQfFJQLQ7,1705303744
C5xtJBKm24WTt3JiXrvguv7vHCe7CknDB7PNabp4eYX6,0,BvMe2MnoeYckysHzmiEyY2ZnvAJnnNV8nNHW8nueHfeX,1671551211
CNa9LWFdwTiarq9avGjTAHExuMoo97mhqq4PMPxLUfBz,1,AFfTEnQgyqHLotdQAFXMDRhfKziBvdoE4QZVSvPTsJGC,1710097118
CfC5aQUNArrcC2XiGYFoRHCni1Ctc9mFtvG74EzpLc2B,1,B2ZJmbqjtAzdBZbjWvSamKiwS73HR4FQgUgre2cNQL67,1718154814
Czsqp6SVXvGfnJ4TmkTRFLNpXrukvnZsJbpP1MDRDge7,1,NoiBFZpFrrBs3z5UAcfB8FNdoHsBzWuzwtyrDXwC9Qz,1705010094
DL9Hm7CMYWuwBpr8ZNyZSA1zN1rDZRTK8mUK61W8BzHH,1,8iguWp14doF7VPg5M49HxP1qPpS424ho4wpxZAjy8jLr,1705404306
DeChheDUyCiLsoztDsMFzqy3n25X8p1C6StndMMr8Z5Y,1,DfNYwV2oKaMxFcqSKUuQUcEmxH71BjXU6iotFZJVFUuA,1724734047
DwaSYP31CwC3qJnywc1Ras3mFugivwaxf6ySASbSTgR2,0,5JcJyqPUKZ4Pzm2rsJmvZJvrJuLHk2bAu7P1GzvDuBQH,1711940943
EG4YR4KAyvhGdhHD8EgJmPMJ1ygWvyoXJkkRjzG1jZCc,0,3Jo5FE7Hp9fmqoiTQ2rUCz9okLUxMEbMz2Bit1PwwzEF,1729615489
