mint,label,creator,n_creator_tokens,n_other,creator_rug_rate
11UWkTuhDK4wkzJzpYu7WnztNcwocNVZFPxVyhEpump,0,5tzFkiKscXHK5ZXCGbXZxdw7gTjjD1mBwuoFbhUvuAi9,8,7,1.0
12fhde7Sur7DBXwCjKRbfR9H3fAsc1MKHMdqaEnqa1kf,1,DCAKxn5PFNN1mBREPWGdk1RXg5aVH9rPErLfBFEi2Emb,2,1,1.0
14WgmYoWB3ord3kNKfqozb8RjyuYtaE26BRF7Zcss6uk,1,73Wap1hJN5KGVQejmA2ePA6EQKfvPyBSjM8ouj1ZP8B8,1,0,
1jcCHdraURCKJZkNAPgKFqQAiJzssCzEiXjzoMkxLBo,0,3K81yjNznJaszxxiyAhbfpt8W8wydAA7bYoVjJuzKngm,1,0,
223rLjkQ2Z985NrXJmFYtw7FEdNwsbqPHTLMEZodhsNF,1,5APo1VNSS4Nkof5NctXvh8yF53vGrTX5kUku8LnDoFzt,6,5,1.0
24LZN9xZDuykKD5PdLYKiecSyAVX4UUQQunBsoBa5Qyd,1,G4YPCo3vuTTgJsse7YKpvomuM3Sk8n5MkeHjBJCsrPPf,1,0,
25f4SEFpExeZTmorMvDi7zWAx9h2zxM7Q7SgkSra9mYz,0,3nwHoJkQSeprG3E1QuRu7TTLniFzTq1wwKLSNAFP7pxH,1,0,
275gHC7WqaeccZSHJ86mjPYzrKzmTVTXjWeHgttjpump,0,AdS1mdDsBUUjmDWfsS1BdXYRB9NamRBWA1Due1xrDhWd,1,0,
28ER9oWz6w8bweHxAwhm1mio4m6z34L5pbtK9WTcBxmm,1,BMHC2ogUkbK6xWGbvYrd1Xxqr6tXUuzqyFgvC15Sx98F,1,0,
29bPiMik3DsmaCgSDstHusWtvkMttuZABgqGZS9Epump,0,DHNR3NhT9zR6WRNx7uujEW47E75T2hzVUrVjHJJ8ismb,1,0,
2BEdvDmMvkzzBGSXpJkinq37X2fUkKbyKuowq6XAGt27,1,E8K4YXLxUCqPsXaChDZibgzPRpUXbxeRHMbrSiTdJ2tt,1,0,
2DZGTcRTe43xmmXqTDNCWELkG3AYSq6QZyhiAv2F9yNq,0,FFbsio3p6EKmqGRQKGN6DoYT1wgpEhAe1EcfmRWDgvj8,1,0,
2FLDXgNLwffZgMGvPBLc4ABS2Z3MhWXK4EjnvUGW6sZi,1,8gKNYRjaN53Jqf1Q9yVDxyT1dn5y7okkdJLxmJCzFxSM,1,0,
2GTEst8DRuE4Zb8rF7zvLznJz95MAucQ1eUngXgDGiwK,1,ASbvwewDVWo8Y2bhviEgeVN6CPgHHaL5DxhEE2oEnrzd,1,0,
2J5uSgqgarWoh7QDBmHSDA3d7UbfBKDZsdy1ypTSpump,0,5Y6f4kjfzev4umuVmmtqm7G2YMaVCu54bznDiyWwpZ9u,1,0,
2KpNqQneeCxKxj7JeKWfvLYX3KP1CMu3TZfeapddYwtU,1,HC1MLHoBMtPMWUsmhBX9nSxiVTkwpME5Gd1juBtpWK8A,1,0,
2MQAtTdvcCJmdd5xdyAREZUsPYerWX1XSur5nFuVpump,0,7ufZNUaeprW2pRF8K7uJHPiecynS4NubM2A2Puc9oCK1,1,0,
2P68w6AU5gB1m5tKUU7XrG99oehGyStA1dCcbTXuDHo4,1,C2rAmYjaFcQFSKhEXRFHw2aS2Zd31DRBaVjRdvWEtBrt,1,0,
2QZ37M2shSm5Kkg78ndq9BiXiSwCu16fmmoKD61VYYv5,0,FtxKNugMJ5TsiG1CYMPn1Yh2CehzhBW3y4QhuCkiGLjB,1,0,
2SLk7TyBrZyoEsWqvtMY91Co3HFvucfGhdAAK49hpump,1,Ses3ATPa6kNvYXyUePcttuACeo1oFYQ1n9VQo4WrL3U,2,1,1.0
2TnxSM3Rub7cz5pLAzZ5BgXpPxmcPSawn1hS5PoGpump,0,2VHFwPPnNWfj8ZobhUQqcaoyyCHa6VfgNkbgufDDgs33,1,0,
2V7L7fPq7Y8G42hrCZ8RYrRPDPAQMuQpuNNebUKUTuXB,1,4JGyBxNwYjXfVo2gMQ7M2JYe55CFfvsqnDs4yYUJQiSC,1,0,
2WSv3UgCuhd3Pzkak22fL5hUqkiT3mau8eM3Daerpump,0,Awch9PiL7nwQqKNjXHzJd1KvTkFtauVqQDSjdUTqe28n,1,0,
2XnUMLpFVNK3cvuDKFePwCHjmMGv4TdQXXb7m1BwGgZo,1,HkiByNhD3cansahPiSqTQDgm5ppKrC7LJNAD3NkB98xY,1,0,
2ZZaE2gNQSPZLEFiNzBewgQhj3wGpx4oDzuAawh4DHBB,0,Aaht75BTNLSaH6vVmCWA6rvZW27F2ozBcZ4Wd6SNSjgW,2,1,1.0
2bJqYB2Fyfci1XyhXGxKBDLBBRARu4MXouajLYBpyMLP,1,7k2RD1MYGkWZ3mUaLZbcmaTkGTd7wJgnB5bcRi2MiUKq,1,0,
2dMKWJq3TwiVdsHo2St1bJxXFyLocTCYyeVdWxLqQYtt,1,31rpva2HqCKrL2uUdGA7F6i14ebbD2X51jC4fmXFkHvA,1,0,
2ez1pFrqmsXa4688qMQezgxGq7cDWhKPebJTHPSdUXDY,0,HYdRmL4oRLaLzsyBtBkH3dpXaRk2wvzuF5oq3xx2c1YU,1,0,
2g1ikRgMiosqMJDTrTfp2BQ6nJww3eE2GqL5EUcKveb1,0,3kStPXtC9hBwc9uXQaE1rZhpPXntWFtZo1mjvJKKYLUX,1,0,
2hfqGSRpkDkKXtp86Hk7WqwDG7DReZBCVjX7ADA9k6tC,1,2N449rDe2qJamPJYceyHXAaGEL4S6Fm4XcuWMBWvsDwC,1,0,
2jTrC3QB9fzNxG2jbDFMtSjLyqk1NtdhydV3Km8zETBd,0,cgNjj4aJUDTonjYuMWrfHmwawBofSTazBxQ5FLR1G6Q,1,0,
2kvP29UfcR4dANBaVZvRapRbK2xgikbp62nZ5zDSMsG7,1,7fgNP6pZeoWyPnEEkuSWMVJKX4YgJSwwpAMRxWKaZ3BP,1,0,
2ndiaU8reQhzGGtf4kvPf2wNiPCgeFVkhopGdVRXNmC1,0,9m9AfFEzFSirge589vsEnAztuEjWLBTyukqRqQwGxaFK,1,0,
2pngLT6YDApMFLV6uzhffDLR4aLJXTD3AenpkJNrrZZB,0,ChXtS7TQkmy4eFSCQmKQUs23wg2UMPTAbmFnWpr63V6,1,0,
2qxFHxLhBxaKPHCCnSYujHanvhW2tp3L6kiMVbecnqbf,1,8ZJR2Kv7ExohHowdt4B7RR7B7s3G98Wc4GRJMZZuNTPb,1,0,
2sGrkjfcp6VYBahpWLLM1Atq5j8cUffsbiGikShguygh,0,ChfhWQ4PTxEUvaV8eSUcteaU8DTetLyvHWRnuzcVjm8s,1,0,
2twniGDWiibKXDKeFUaeomAUXfcET9YdsRxst4XZf3E8,0,8888pJGiLZWngp1eesx89zz2GzEFYEvJyenMtznpFZGc,1,0,
2vCyYfX9FNiUXa4LkfmMiJjB3FJPirXroXZwyDVHaM4A,0,AupTbxArPau5H97izWurgska1hEvFNrYM1U8Yy9ijrWU,1,0,
2xWD61igWtcaGeq7AJ2qmmoQwX49e6XrKSZhNizXsmQh,1,2iNSGmyCoLESVAzXU7EiHbxtxDyEHcWUqAwYxRizBkkV,1,0,
2zcGjrs2eTw3rqpND9jaaXGcW45mTvbFLVWZSKu7Mz8K,0,3FBUsToukAY7Gs1hB9WCqaxXcYCxcPN191tiL5iNo9bH,2,1,1.0
323BzjV8QtikfoRSiftgXdnhGrEzWCh2Trtzgb1V4XQD,0,23Gt7KM1Ggnoq4EkQ2aYwfdJiBM4JSCmhzsYAVWwTfkX,1,0,
33WHCXsrofSQSfR7EuQ6Xb6ENnb4vNTdSCiKnyNm73UY,1,13GGZ4wo5FCgELRwggNHLCn63SPAdmU5NCXJ1BeMPdSU,1,0,
34xVTYiiLC9TiU37sVxKGiLN6gYgMX37BfUcA3GLZwSw,1,4wrQ9aUpQWXRcYC7BxHdBufK9ezuVXDSaG8EJ6RAUbjx,2,1,1.0
36XgBJVR9UK4CLmn3YhdE7mEsyMLS97t7Ca1rKjVkHNd,1,CbLWrWzc8qHQeekTkAJZZ3MbuQiNwANxCbrVT4dZxrd9,1,0,
382stwqaL4TztEZpu8pYa97xkMECtdy8DW3qBn5wAo4W,0,8qZmkXnDPpPexPXGEB2MVPYCfvG4NpKCP7KmEtf4yaE,1,0,
39rJmwtGGuvEHWSjFdxiH5uSDsDz3YAX6vvuQLqwpump,1,GRgzmtqp2ac5uECpBG8RATGj39TkEgqGab7yjPC3CeDb,1,0,
3B5zMda3mNv8zDHayfZiyRgF7NBzVgVSKgrAiQgz1AZC,0,6SdVH6NqzFpsjhrPKP6kH9yesaERoqm5FX6ifHaibVdA,1,0,
3DGyKoxZj9zqrSLPhoZ9pR5yxxdwtpvctKAQvcTkY9Dn,1,2qEj2UQpAT8xH8mUKxhwSFa2QZSDbuEhEWnzeuJdDk8a,1,0,
3ER4YD8xEBCHqQKTLprVqK4Giu7uhbiiHQhd6oXcnPMb,0,3qEuJjT2tdWrBAYLkACuxpeBbzT7DU2XnTEBk6VfY4Mg,1,0,
3GEznP41VaAGv9yRdBiuYdA8zkffNc8b7DzNJgFbH4Kh,0,j1oAbxxiDUWvoHxEDhWE7THLjEkDQW2cSHYn2vttxTF,2,1,1.0
3HMJeaQfbQGNX7E5zBqiyFmSGrFU4zJbRZawXHicqAT4,1,BM68EYF9YwpfsdqBY492FDSzkmgg7tYV35ifjTCixrR,1,0,
3JtfvzFVzkPh1we7DPDGW5xPsrPB5nX5dbAVgTeVpump,0,ZarexyHVb3CsGYNXDU5JgHgifCPUDUgEJAg7Dpmqs1e,1,0,
3MNdg52oAdyEQ3Frixp7325MSXgiNL6KJPKMmB7PUwyh,0,GYMFcQ4bHnWML6ZMoP1WoUo5Y8c76nrSxun1xcZDybKU,1,0,
3P29e9LSkhKgmkgaYnN9vrZD29WA5318V4sFifw8ZwBN,1,3amfzoKiXF7HfogRETSb7fZ7UdBY1cJuExh2y36p7RjC,1,0,
3Qsv55356w26zJuTsEouvAkycZkoHp3UGEqYkapG1Lvh,1,76qo4SLZo3sSfJHpGjKQQ9wjJxeeZFi9o4gXBzLcVPME,1,0,
3St4gUoHFniBtM788xLAGdCgesQdRs8mgTFr5smHqQAG,1,9h1yccpQuhhxpVMFF3T5MQ57RU2mnQpqxNKbuT8F6zNE,1,0,
3TWgDvYBL2YPET2LxnWAwsMeoA8aL4DutNuwat2pKCjC,0,GxTsbBHT6zyzUA4kbcnjPe9r3RqVVjPSMwoDYRK4RDfL,1,0,
3VNGFNXqN5ZgqoBBc7pG8ByagRhyjVaF5kKC45hK7jEp,0,DGE1XE154o4zEmfEu3XcbVvjY4B51vZT1A4vs8fZWcah,1,0,
3Wiz3kY61CsSd7F4wZJwwAcaxK9Jc3swED38fqUD98Cy,1,7C87v6ZWiBKnB9hZSKUPnuF5qebSWk6bNnWqKG6P8jcy,1,0,
3Y4tr5dJV7YJYMNMwETkMgndvqhDVoBSfVEBGrzg3R64,1,HcdTo3ZHCCKDEP6LBNDtZtQrUyCYUH78UXJfG62HeBdk,1,0,
3ZkzcYco6K7joBLRgZYG1fCHkzdk3tk41V7q135zjwfE,0,FdvM1aYLAjUkYBSBjbKA51mK37eeXSQCUvrYHk3FVxLc,1,0,
3b3C8EbKQ4TJBC1NTWD4rk8QS1GY8yjAYXhqwyy4q24i,1,GuBiPofnY8A6A2UTVwFNZSnTpRzLZeFaE5Pb64afQaQp,1,0,
3chDEeS9sFbvo5nyjCqA63euFQ6LbPD1cAUyy7FVm9Kq,0,CCxFKRtfTE1QXuGbJTNy8PX6jmzCMGpFaVyRxoDGTJgu,1,0,
3eXMBj67QHveiFvhjfPX4Ap22Qfi7SaWA83LP8LAfxF7,1,2Jh1qZ198umZT5cputH7qhAe8FxtFzYpxeQwD9r9jWzj,1,0,
3ffwRBmWTyyiyrEitcRoNVfJDbU8ELrJmY1UK3q7U9vH,1,F8LGtZJZrUpTLCuA91mQffA3JhVLa4m3w1131fgR4Fbg,1,0,
3h9PpY8dTGFesZ4mGSMfZXqhhHtV9Dg1RGUWs6QSJiZD,0,8d4wMRNPL1XKyqbH49tsreT1swwpo2tzFW2PeoTqnDTo,1,0,
3ic6DyWCE6fB6JXczFEeKgwP4P1BhtK5FS1wP9qhLraB,1,Bq7iAwPJiJbArnVfVJzUvnvSaBL8UXpRpr8DcPpkCnPm,1,0,
3jmhYWdoRcua8yUP3HVDNihZhHbhrBTUeXo5W1etHTFf,1,FTHvTTNygjS2cngwNgv5gfokeVRGfHsuTJHbZAVadXyR,1,0,
3mHtNPRg9pR9im793Hpk2icGTYTEUUzysbsM4GMstjHy,0,2V4V11byN2AjEVyyizAannQCv96DN8AgDYbPtxkvoKMQ,1,0,
3nqjGroZGXUr4FFe1jg22QL7a8YUkgGRPT87uJKzTBXE,1,4mLCZZU714fJrYfSNwcgXwaDdkEn7Tf1Yh7RESEaKTsr,1,0,
3pNKZuzJmDA2svkWrab6WjzWV1U7N6g7r2fyr2U9KQC9,0,D8qrVVFBF9oXxKkbVYmudXYMoFTsMmvFnKK7hdJUod5M,1,0,
3qoTtADADXdUAVf8W83jeM3KVThtv29WKcWED3sx132H,0,ELx7oeNH1WLTGouWVt69f9q9XyNenmrL1geP74Rbb4bi,1,0,
3spukw2M4AeJrdNXN2GRrSjsZhmziqTPVcWynCnDpueH,1,GM6mCzbaX8un9RGX2tJMezkQMpbgvD8px7zjkw6gswZy,1,0,
3u8ACDXx65kNcoT17T7C2bUqCKGUGbFVAmi1FdBNcSK6,0,AK6J2ZiYogg9mvos1mMTAZzdzWRnvrA3whDLwVa7aC4M,3,2,1.0
3vkhGiDaZrb2rzTtEa4zP7e61DVMTcD5RJZEv4iKRDvd,0,GPzpcVfS4JECS8FUhYXTz5x18dZdtbkGoc8ZGDcSAYs7,1,0,
3xQ3h9pAFWYnkyUp8hfuQPnQCoBtNiLxDM8FxJoeVbrB,0,DwP7qndgqqTmsecLeUnVKTmMShQP4mZR91RXrxYEneRA,1,0,
3yoQX9Bmh7SHgttGX6ssgd9CkfZa4KsSEJVrDdBXVjaV,1,4ALGC112XpY6CTkNUe1Q1tGprPQehDgUGh3J82fwvYTX,2,1,1.0
41RSME2MQiBRNhSqzEnAPSbm9nr3FNvk84j89VQ8prgC,0,GjShuLZe2JwzGSyNGTc6qHMSpRyB8DchxAbs3YW5jEKi,1,0,
42o42KH1dzEDjqijWpWHcNtpmW42Hxzg7YbMs1h6A5r1,0,2Uzw4umHGEEJNc9jM9QMyaYb3wZ9r66hgpVPcN8AH3kM,1,0,
4434id3rdxdEur1EP4jo4yM6udQYF2JWmxKN2U8X9rQZ,1,CbDX8xREGodsvptx68ZBp8HNL931RZsaSSMgxSHZmUHR,1,0,
45QasSARsH1hYhm37ryQKoxxUUdDRAvZaehiKS34pump,0,AnhJs2hxJv3q6dmRDEM5ieDuXwMxinUpkDQDD3UukWQr,1,0,
46mhuSE3MNXRUs9DqWPKXYEUxRfmk93ptxDtP69rY57d,1,CaiiZsc3aoVACfjPBsinqq84TWH5jzmEeJois8syEcRr,1,0,
48dwxqC6mod14WFKVPHt7FV7ccuAsKMikJtAHsqhpo8Z,0,8qii5y7Goxr5w5V87iRKVbRDMC6XgeGgRH33TGiGMhEL,1,0,
4A5sRvZeu2iFhwkEnF4d5CdxkGg7bUxk5wZ8bEhXL2jp,0,CXuZN7XoTLZPv7mNRk6dHWc58PKZATgJVcJynZj9fwad,1,0,
4BXJmKKLqM51eLqVTWNXx3LzKrzdJGKjw8phtaGUGp7e,1,A3srBd7XEs6QN89yayny7Fhov3oZjnhKwjJcRag8CxHa,16,15,1.0
4DKzWpYPPBhSa4yCEkX66qYJ6XtXHSmGdw4MzwXVU3T2,0,7fcPCcbeR9kGnwkZXxGkYrceruS666PruaACzcBfH9gb,1,0,
4F6Nq9nthRNRZFWNTki971coTRVXSrSJGaYbdnHnssnZ,1,2V1kbx6ajqMTbVgkMM3kXunXYZgqksJt2Nik5Z5tCrmb,1,0,
4GBDvRCLYgU247tzBY9sFGdCZAxgdEuSANrkp7BLtmRL,0,8kJ2GBmZUdiVdbc4CswRnHYymW9dBYXPFhSgYDSvsNvq,1,0,
4HqgNkg8V532ZRkQcRnNoTL2NK8o62Hyho4oU5Lf2kuc,0,BXn1NMZxRheYdaRvVQJYUyoLz4qDUzFF3ZNhPAGqT5kH,1,0,
4KQLgUkFyTjjB7Rpq7T7u6X2cLo2Jfp5TbwfeW7yMJwu,1,7Yos9hfNLWcVmtkx2XiM8pSe5eBRpm7eEWB7erBWNzvm,1,0,
4LmvdjiWHfumC3Q2xGUVco7XWSyaNYPgsZDNKzCTpump,0,CzJ7S8UJRPXGfETSF4RcgVbn9RtTJvPDpEzvJpVfw9Xb,1,0,
4MWtPDw4pGmaJMvG4wVUbTXUU7NsdnQyuhVXyeuNRtzs,1,3MimZpfTk1JSyLQcxfgfJ5Z4gGte28xUAJx43rS8ijLz,1,0,
4NxnhKViNC3wJEdkWr4venJykFErjjUimbkEKCRopump,0,HF2yMrqMcuvETxixbrxy8Yhz1YfWfDzZmgqdvG3zyf19,1,0,
4QEMf7ZbZoXVk2DPSwZUkcxXazPL3qccfovxv6A1GfqP,0,xSphcrX3yM3U4fSWJ4j5fhmAN6A7C7woC7TXv9VgVc4,1,0,
4S9LSJX35A7rKDntgBup3vjYkiaVUKWa3PRDJm92pump,0,FreyaXYaCwVy86BdNECd7BXnqEvFUbt3p6d2B5eS5zDv,2,1,1.0
4TEi7C11G99qKaeerUxMJSRftaxgA7fidtP5hVVZE8Ax,1,13WJQSJRSayLmwG8FoBrJD1f69VmeChGuDjCLHJQ6oLn,1,0,
4UtytbgQ9zhthHR6FKsav8hDf2KKyvJjTuiApqaSqzLh,1,6GgxoiJgxZU2sARPnv9K1CvGUTRDJ8qt2Htv9iqDSiTF,1,0,
4WQ81e9XgPNvHMRZJ9ttWNnQpWxetDWBW8Aspgt9KcFo,0,GKaVj2RsdjC48d5inoQMw55cacgpXA5dxF8rPTKA5m8n,1,0,
4YFUpdyGnbYQUFT8wTaysp2dkMN7msfehtCyU8vy5i4q,1,H5dcv1ub4zjkx1SnRwV3nh7D1KYxuNyjee1YHMeKqvth,1,0,
4ZaoSoN7bHu3AdXMSdBa7V8CrdFB6dFemoJqYXgk9huF,0,EybP7zxz9NhDatx2wMLP6xaCBeL4h5JE6EE4urpEX2Y6,1,0,
4ax9eSynBeoVZ3xbDaZziiAvN3RuRjv2hrGG6JSunbdV,1,8VR9g7xfsRCMksdmK148hDRuxS6WdY9Md3rgyr91Wx4u,1,0,
4cTiWSmT7zqbuopZjJGB4b1FHUyMZtfXqy8GUnDotCGc,1,F6T8yv16diBVtU8LiTRzu1su7vnxdhDbjwJzUNTfMabR,1,0,
4eFtZs7Y2dVNTFwSh8Nv6zjQvnHFAUs6whxb7KivYGAp,0,projjosVCPQH49d5em7VYS7fJZzaqKixqKtus7yk416,2,1,1.0
4fTD65Ye7uTwWd1pRaxfcysk1uaQd8W2e4knUoF3QvHr,1,22wHok3dhmg3mA9D1mcJ9UEHnBKtmL7hrCL7PY1XkVWV,1,0,
4gxJY3L3WhGurffkBisGzDZ6m6G7KZR4demZdM2VgT31,0,8DBMRQq11VuXxUyxacPqgtkNRyRxRN7BzDSyqnBsBNew,1,0,
4igbVn3nWF5TGRfXCHgfprVTasvTFctSrdPQthEJRhbE,1,57wdZy6p7T1QqysQXNssguWUKiUDjerHs9J9szr8scgt,1,0,
4mFsYoJEkAsyNCSGrWR1KKUQeUV9hhSFSc2zxLe9jB3s,1,6YZzH5p6sef2oT9ha515aQyjPEtWDpDTWCQLgjmLxvAw,2,1,1.0
4nW473snbJmBuHjzBuZHtfuNu5mxBm8iNmA7rvvXTyGJ,1,47WFgUbkc7GE6D4FYiNXch8HMn3Giyrjio7magetgCFe,1,0,
4pKLDWLAELVRDr9Lit7KvwRkt7XrmhBoen7EM4CoDQ1v,0,YA9Phe7cqb2vqmKJxe87bkZ7T3pmvMNTPFPtmGcyjqD,1,0,
4qmaohegMfXzJ714E9LdttWMXLyvJkWpxrKB9LepqCSR,1,98ziVQkvfHnzrj5JpsdgC9Ef2jqXaZroEhoAtQjJb2sR,1,0,
4seLXr2ngqsNDSGT4Ke9n23x64zdaNtMTV6fK8t1pump,0,7kSiH5pYUf7ZkiUBQWPTAukhfzDd5LpTvzTqYtNv1Rr3,1,0,
4u39sHM35AaXbK4nBB1emUA1exX4J3dtV5hqLCpq6qZc,1,4NiDaaDkaazDuPoBx2yZzHiX64D8cYfMY2FHwqpjjzHM,1,0,
4w4u6qFzmPvm4gZYHVgrkoTmCBZuqeN1tkHghmvqNwzA,0,GAjLkGVKWWcj14AqjQxEXxgKF76vQbtB8Aekx1SyEDM9,1,0,
4x7xoqc6ogyBpQ9jKAWRsNJnUkBzAmXsE7nTa3a4pump,0,3WgCHYEX2reHfgGM95cLw76yeNWnoS8CTrxCdBdK97nx,1,0,
4zBNPFDXrVAMEugVQyeN1vRqkep6wVMnryHeniirEA54,1,7MSJKPgcXLSirVeVw5iwtRRUGcTaQ8wVPEG1tbytqjz7,1,0,
51mLZmyt4DRMbAGuSCWoC2S2VpMvdT2aYaXp3wNNPyVX,1,jmqLx7AcNPCQY6D8GXo1yTszN4EUgM8iqkjM8ceqo4w,1,0,
53KRVifusDxL3c3U5PtDJcdzB5NHQE4wiWjM5FYsGQck,1,E7nAHPKBB5GVu66wwX5DxXW51zyxaDkD3K3BXWbb743H,1,0,
54gCkTZSd3BLCaLp6LVvUYKtg4zVEyQ7o3cRDBmp5hnP,0,wdrwhnCv4pzW8beKsbPa4S2UDZrXenjg16KJdKSpb5u,1,0,
56PqeE9pPVYRRTfJSa2fyJdnSgfwXMxpgTeeqr2e46UG,1,DYEu1g9a3qMqVB3krpz64uu8gxNDM98dwgW8KDscZ33U,1,0,
57Q1Yz84qAjpBYb4PAayPP2Ftdc4NoVsaWH14wHqVc65,0,HP7vycVRS3qRCYfNtydgo8NNaAsSx28RwDUt2UBFBVSr,1,0,
58umQaDx3duQNwUCTbGAE5k6VaqLi8EcFgjFiXPTRjzM,0,Bpt6F7yu7wjA4daxF7vbCLuaGqGcWHf9Cz1nXnSN1Qyv,1,0,
5AgxGp7Z29jYoheCahhNhwYJHov5tUTTRJoTHEEb98Gv,1,3jPYFMNWdRLteXmf3or6nJjyYPkgWnwCcyVfvmRad2Re,1,0,
5BnnjaYohy7FTustb9xHtmC7NEUNBzbcBxhnhPTaauAG,0,J1ACSraHzJGKy5nVerP6gWHASdcA6Dwzb924ogS2uaKD,1,0,
5DXFVK7RQNyvhxH6gu1oDeWtPVHmWgLb9yCeCMGEznzN,1,CBKbfqfqBAm91WbW26KWq4DPVBHASrFbEob7XhWx4uvU,1,0,
5EgzDqn75zRc1xyxUqHiC2YCWYoAbnwbx2zA4mp3KsPm,1,oooj9nrymKEBN2Tn2tGvfsExfXieaqGmBHUp9zSVthv,1,0,
5GMSHX3TKqdpjwVSZvRewoNxdpEUJkKpvCW8L5ffgpVQ,1,Hny95cc8PZgFcJQhRB6jTznCvJqoz2QeG8bh85pErVWg,1,0,
5Hp8Mi7cCrvGmpjL3MsCJG2SDmWMG4HoUTAuFsHWP6jf,1,EVfUfs9XNwJmfNvoazDbZVb6ecnGCxgQrJzsCQHoQ4q7,21,20,1.0
5K6T5MAPmpzxxJyyofYWG8kqNW3hcm873af63d9yfyix,0,5BELhd4ax5HNbQXDbd3ZiyeJPeqDX73dKTG8kqTp7vwg,1,0,
5Le2o3ryQYHqzhSsNgzWr2eNCUhR71HfJ11eEN4yMDHw,0,7vxNyy8LbvKSCPVkTHrARGUWeBkBH275T1hwxppEeJ1V,1,0,
5MkgWmmBbjoPgfZFKk5nUyxMd4MuKVLYPoFXGe3bmrBq,0,2ww7YjhbkZcq7ua6uooYcRXB4GbXtXjRLbvsmdVijYcE,1,0,
5PtJSvYydk3ucqWXp6atrMJpTbaAzxK4kZu73JRDRbAY,1,EJieyunp5k1PFcnJ5Lzb8nWaHx8c3ousjEHyMTjdFCsV,1,0,
5RPdyYBgVjddFfoau9dEzVwwBMjA727EPFVdPJVjpump,0,2QfBNK2WDwSLoUQRb1zAnp3KM12N9hQ8q6ApwUMnWW2T,8,7,1.0
5SupXmNTNGA24om5xGK5aKnbXwLjcDtj48MNDwVX7dtR,1,CFyHc6fB5CXtxi88zJVBgHvM1BjcYyLcZenn5oT9upfn,2,1,1.0
5UBHWVnNp3EkVybEYgcmmKujEduMQj1jQFkn3CgJpump,0,99T62AfdhrgTBDF6PLX2fsCVJMM6Dck6bQEizVtjAma3,1,0,
5VwC6TLvgRNA6PaqbDfNNijckWkdTxHKReQ2eVpJxRPq,1,GjYXAgdrWpWiUYwbQvaKrxn5DzFJQpzQuu144x3mHGmb,29,28,1.0
5XDTPDmeSc3Prj8RVoEZwAFPByMyUEWQz8SUL8upT7X9,0,F56a2Mx8s8rQRzTBRQ7we3fZiUZ2X17xUkkF6iVstDZn,1,0,
5YeSS6J8Sb7UvxAoFkpTv2D7CaGvuB239aCy1aZWE4vq,1,8QDUSbyVZSnshmjGEWsDLZ2XbeCtYFeF2EHW2orQHT7R,1,0,
5aprWkAFJgjKDMixDTARJVo73PXMqQ7pvYdWK9gnwpmZ,1,E3Uzfj2KKFcJa5hqefrjg1em9H9mf36aShW7Ps41hqUK,1,0,
5cgFA1tTbWjGRhoGcemgCBHcaxf3G5c4wVpuAFTbpump,0,7PLAPtHUkJ2ZqvF6ZzNsUkofKkgafDdaAaKGfSpJvA66,1,0,
5e6afnSCx72Kt7CawogKrQQoHTg3BKweKy62EZEo4pni,0,3drt2vyDxyxhHFg2kxMTwP9aTBFe4V17txB2jE1VJ5t6,1,0,
5frH7hgcEBnsPdpRfBcbNny3v5n81jTZpBk9QzJvSt6u,1,DFHTfZBxvcfk9qmf7yD79LfSZkMsrHHLjaUtEYNPNZ5b,2,1,1.0
5hY2tT1a8bNpkb4zvNgWiJ7wWQLSpMCHVXiP3Wxpo7qi,1,BPyVpYGxLUoqerfQjSKgZkcNFJNpfiaM6iDcDuT7zCM4,1,0,
5iyHX9ocokUZot5naHSSRCNkaBGp9sZaJmqSKZz2K8un,0,89rvXVRitE4tDMy7C613QyQKR1uXktqrtpH1DeiNG7tj,1,0,
5kANAUeHsoambmdV317Nhs8puVxfukyChr9j9TZ8ZeQq,1,GeMjQFo8TUYWPfwT4HUYN7VcoxmjLKFTyQWKtdoP76Zy,60,59,1.0
5n5GbtWvuMSLnpxntScyrKmsstjceYpXH8mEzSr9pump,0,AsTySyN7EHM3RLpxeq5fgt9QLWRPsJ8W6mPAYCTmFZua,2,1,1.0
5oZ1tg434Bt7cEMFpzDcUfnb7gecW2qhXrW6uixd4sky,1,GR5dxACiuFSMpkzckS27MsDCydoroFrW7StVfykKHmKf,1,0,
5qKDWkBejLtRh1UGFV7e58QEkdn2fRyH5ehVXqUYujNW,0,3WNGFqbpaBjdYcf48orozmyBwC8MxZN9TvsiTCdQoEzh,1,0,
5rSeUGDPGrxkygP5sqJzvsztkrhF5E6VTMb6GkHRpump,0,EBnGBV8e33eYYdKaWaDjTCm2CKywF36VAQAvo8kJhMsf,1,0,
5tmmB1f3gsZv9wR3DbPokv5Eh6uFTP3mNKB4PX5qP2AM,1,7UTmnMsvN2mtb5ycuDo3ATeKy9xzduFeXgMphpnYayBu,1,0,
5v2EvyZduu6TJUVCibXtBLwFmboZGQFVxKukf2TcPSk1,0,4bo6tvekoyJrerknHpmFxXf7aaYbtM7ckZqgRKJGT2jx,1,0,
5vx6n2F9eqhnoHM4KqFURwoJ1ugbZT9WGpxoBLb2HTHe,1,AW1HNiQJdre9tubPCXJQCAEVL5NiStT9yMe7AGmLYfUz,1,0,
5xq4HMTnfjcUWgyBN1FQ4fgotBCLRsA2QTZKMTMzu7zJ,0,DEez3GowwcddYLWAgLWTD4yUAM4EenPMYK6jm9EcdEEz,3,2,1.0
5zaTtLRBQgfQGbW2z6VrRXLy2UKYLVX8xkHuBGhepump,1,DXNf9vviQiPP2xoCyiLJpVsi7why4pBTRCE7b7iaLbv9,1,0,
61wgvSvxv4NrCizCn5NrGTgLkvXqsxfsXKDfVyqzGV8i,0,cokehLxkpEegvD922rHMScdh71DniXftcUfXCNgaKEa,1,0,
643nJqDDFbVszi4RMAxzCduyBTVmaE3TLJ88q448VfPU,0,EuLceVgXMaJNPT7C88pnL7DRWcf1poy9BCeWY1GL8Agd,1,0,
65hWFVPsw1CYTwFArSPjUv62wxxKw17V4G1js7nTvHj3,1,3TJZrznPFSnubRPdD1KfKs7VeD4SJXLPSMVgb7QBfnGW,1,0,
66bt6DRDDHFMs4s6fZ5HzyS2fwZp3YTYwDvDDHgU9jVL,1,55MshadzDuEjqJ26WvoDy66Bcv9MqJRSZEfsUDfm7zeC,1,0,
68TBbiKEQU3VrG66ubz9X3iTULXps5KjsMEPpyq6muZ5,1,2Yxc1CPf6x2Xxy6pRxugTPFwbVhv3LjbFkxsjSuSmxsb,1,0,
69i85qNFnuEYi3dHdRbHdmkMf9svH9fJ7cqufavnzu3B,0,Eq3hyDqxuD8AVq4i2A6wsLDSvN7P8RuA3gjJeJi48pFe,1,0,
6BitaPktTckdWivsWVf1m5Ar9W74poeCVRy8w1erLmxG,1,uuVboFzddY34rBHmzzCARBCRmzcxs3Sn5nRDXnd21m1,1,0,
6D3Zfhv7MSG29bWgR9vtwdKVA8DWhhzEx6d9Aq913Md6,1,GHKPXwZXY6rRVTvBH8kWyWgbgTMsfRb7qxqhiho49BGc,1,0,
6EnjwPAnaPx3TGTpmAfTVhbEMbxehQQZShHixatLuk4J,0,DCAK8tuwzsNowVA6eSojLHhHSDQMyECuSbu7KovyvYbm,1,0,
6Fyb45BEf3CrTAh3A2gRVy342Zznz6wxM4AyBvTgpycA,0,2bmvc391f3syUvQNsjtsvD3KoRBMGQbL5M9x5vDgWaKB,1,0,
6HekQuhS6rTGCVPw7dANHtQwT1ootSYupcfdceSFpump,0,69aiAKU3uJMxMLRkUEGFNt6nQ43PiVimE4ZbErJ7VSM1,101,100,1.0
6JpxxdnGsfc9w2HXeUXL1u6csbjcKL19cv53MPyRAH6D,1,ArMg4re9k1UiPcVsCPSMiRG2JBe4Vgqqa7mutycibfuS,1,0,
6LSR413ydhqosZYk88cTT2d1fZow6V8gnfyU65eajMp9,1,4ALGC112XpY6CTkNUe1Q1tGprPQehDgUGh3J82fwvYTX,2,1,1.0
6MgoQ9xQgtifL1bxS2mhucXf3YVAuJwoxeVqzXk5yn3M,1,B6VMqHXLhi3KrG3gwDkuHygVT8cFx4ktTxgP2t9NK8Ci,1,0,
6PsKP2KTkDDVpqnmYw6nt68UHvHqW15n4Khb1uKn4Ajb,1,76BtjzxffgVxJhMmKNu4uvCHfot8C9A7gzDst7WAwfVG,17,16,0.9375
6RTHVBGHs4heaU498xyfH6hU6HHrG4YhtsQRS8Vfpump,0,6xugSyU2mbGj72Gvy7mJXD6ebjFXNo3nD2r8sakkLeN6,1,0,
6SdfsHw2wGV9v7aTMgj3bWacsJEgNzT5LK895WVvsDj9,1,D9qYpbwpH8j98N69CPkfTvtZTQJfH54CfHDc9jh9dhtz,1,0,
6URhGk7zCPDwCpR2Y7NNKHEVfyvnsSft7cwCA6ZyCEDj,1,DF2NkcQEezvuHxkpXUYZAbHBTHFvRVzQoCFZZjjpke5s,1,0,
6VYF5jXq6rfq4QRgGMG6co7b1Ev1Lj7KSbHBxfQ9e1L3,0,BLue6985Azdq6By4VGi6m5u1UkvVqN7w7Hcg2VhUw2PE,1,0,
6XTcCkzXdX69nvJhR3nft9YfKZAMcbR9fB4qs7k6pump,0,9xHLgXquqsGQjKr1tyVWPRzrRS4UvCgGasjAy73cLV4Z,1,0,
6YfUUHrWG3v2wZWLTMqrYhSHn2g1tMEBQaQNV2iqg2zF,1,5ooRQztEuD7GE4JNPMupht5NMGKuCKnciNj9sjCB1f2n,1,0,
6ajijkbggSTp8frj4N79tWwgJyRPZNLMU7qoL2HwaEeu,0,3BxzsMWGp4i8YdHH1Rjfci14Y2nHRdcvUXzArVo1oBsE,1,0,
6c5jQtDr4fE7g5dvdkpEs8T6o82UBCGF2Yetnwhxvva3,1,5MoiraqH4aTBxa74xqJg8mAXZ8PpxAvixwMiF2KdXEYx,1,0,
6duzFzaB6B6fJnq2j5GhUkqqXM1DqnWoyKoNZoxrpump,0,66eVCjsGBSa4w7YrcxNTPtNr57RV26AJ8S5MEyo8MKHb,1,0,
6f8jC1PMsVXcnaPhENM6jNrZa6uiLzhACsrJ1YdxNFyf,0,ETReyP2meTLAzAhMwffK6rGF7CXfvKKRqmgPsohhhQxD,1,0,
6gnCPhXtLnUD76HjQuSYPENLSZdG8RvDB1pTLM5aLSJA,0,QDKe6HKextwnjsM85s5VQXBvYzaoEP1wyz8SUPDjV7K,1,0,
6iB4CZDBAXxGiGuVuo2e1sa7cAHbfB1dpWVi9dmiACrs,0,6TUYiJPeibfyYCN9Qp6SR6cqHz9GPhZHaQzscyTnSpaA,1,0,
6jY8WkGqSg3SoLZznTsm9BzsZTPyfjHonjY53fEoLvkE,1,4sqHPg6ygBZMvLRJ9TuxMRBvJ9CYv3HSuKAfk35VU1Fz,1,0,
6ktDB8pro2WTCW1WkuevBWs4Jm4B9Y11iJL6TLvmEBey,0,F8bBKn5hchAMWAmg2AFkXhMnBeAYHpoW7KYuJgUerMja,1,0,
6npXXFmhgWVYYB72oqfqwFVFmkG7D8CpjWxHVC7pQiek,1,7wCP94xw69Be5ZeXyhXv8Yv3AkaMLyYQyyxnneBNiYAj,1,0,
6ouRmNFECtQgjwbwWqjiWGGZxY4DBAttoGtor5CWjTNm,0,BmFUDTLNwyfy4TDDMhEQqMSpSwfhXoM3dUboiDpEjr3R,1,0,
6qQEwkkmwRU6bZLA7rVHciY3WgeEVNjvp71uy4xVGh9f,1,2ZNEgZi7yBTQj5LYBbXwnedjyg5SZ1MoQPBwJfw7nbZ8,1,0,
6s687jFczAQ95YYYXNGLdki6u9mAH4DUwPXtYpD3pump,0,FJt8BCZQgaWDxGcKnjzmLHfW5bU4e952P4jSuq6wiRzh,1,0,
6tx3CxVEwQ8LP9HaLK8D8CTXESfRbGrcuZmH8RCgVMLQ,1,3iTECKiiEXTcFo4MAANvPuMaj1egpFAdsFCiAw1J8WsE,1,0,
6w2xBHWCiMPE6mS5b286tUdoBVFzQt9D1gABWm6h3aaM,1,93XP5cMr9rUcyBCaL8tNREEZyqFmTRkLRhtHV5MHfCDk,1,0,
6xLHGjvBBBSGuTv8dj45SRhnSSHeJgENV7AJCeCopump,0,Gpax8Bvba2usaaSpDrvx2SxPpTeoUyCGQ6ypUNPZi99V,1,0,
6ytBN9WLSWeZtf7ij8c6245Pe3v7hu49gBKdejkhP14Y,0,5irmES74fiX1uSt1B8q3r1TYcS9pPJzhPYKLipU5YV4t,1,0,
6ztpk66ufp9gqY7g68DySryRox3VczJRssJrQGM4fAr4,1,2gUJ3N27sed78NgGmBoRx4VxoeQ4G7VCqm3znnJxdhVc,1,0,
72VMbkfBskHUTS7adZ3egwitXbD5X85g5ggrrfvUuQQk,0,BSXDLLDixo6siqpdcHLg38jcDsi8YqRTV6WCdHFnmEEM,1,0,
74JQUtBZS41N6TovoyEHRmWV3MVogMjgwJwG67VkXYHm,1,urbanizy9Jse2q9mDYW55Cc6P1P6zG7JCj2cut1BwMS,1,0,
75vs46xJPva9TqP8vomh2vmw4LCBW9avR16NdBqNpump,0,6NvdyiqT4HgunEZMwqJKCtZiBjRAQXGqYM51mYqqJQ2h,1,0,
77KxtoRTXDperZpSkohH88ETyi5RUphZPpmGyk7UyCKA,0,HvFdDWS3RqymRAVx1ZdoL2RjiC38r5dtt19Z8op5jqDK,2,1,1.0
79DSZnvKdTeyxVXKFYFxLW9fW6gB6xjCFUBoyRHWjK8w,0,GC5UDxtMJS4mQH8dxeU8rBh2xqtwvm9LwKoduqdurUem,1,0,
7AGHebp1RhbroBAnsebGFPUPLjE3175jP93HUKRUfubW,0,7U9vkhaeucD9XQBMHrqjP9EamYLmP1X8UXupDh2PkGw,1,0,
7CDSedgHumkMB1iLwkKTuAvTi6iHjA5EmEv8SAdBJxD3,0,tBT7gQ13QpqkKWqVvvdrH7kdL53jZgKubaNENhdnD8t,1,0,
7DZmmvoY7UwVHLmEMfRTMUhhiBREAormFgHnYfXWTU2W,1,3iqQzYS6puaWfNrLXN23bv3x1MuYFivKRRxb7sqrKmQR,1,0,
7FTECLd9wkVKrdqMVsdCPmLDDH3mJumrWefZHf23XKPG,1,AugkC7k9NP6vPtjkd1RRwvFNcMJzgxtiKgyKxEMrBWny,1,0,
7Gt1zS88J5wptPTbGSDSNfPHHYDwcL5QUvK2mqsobX5S,1,7VkBVNhN67cBexwoyn55V7hBbKzwuFSaLZUcdaUTaFHe,1,0,
7HtbK4XPgTSgkD7pG2dgQ1kEXP3v9j67dATxmLk67ggQ,1,9eKDLS5xJoqwaizrRqzuYJoqHtxHPhnHJnbYP413FcPe,1,0,
7KhMizRZWzZZytUbm1wem3nDKpTPt1u4HFCS6uGQdXxq,0,Azk1HQZpbq1UcW7DC9woc9uDaXiK3XjWn4n9NSLBVMXK,1,0,
7M9KJcPNC65ShLDmJmTNhVFcuY95Y1VMeYngKgt67D1t,0,DJocqRPK2uKWvmR5WnWcd7m8fDw6az1L54R4UuH3GrGN,1,0,
7NbRTQjzhqYsLPebtTWBfHRvcBqf59Ey68F47fyaUpu3,1,61wq6AeiQyG2eNL4nxVCRZrH3jJtTf5cgetpBpHPwEpy,2,1,1.0
7QUE4uywLL2bxw1oRFQWpWfsPiqUz59etBpfpeAng9Yv,1,GbKYuxwEeboqkArxEp5fdrXbZMkv8ABGJ7GRVqFo3eNM,1,0,
7SCs1ayvipbNAvWZgCM2ibbzP6hJ8rALsHTFzApjBShw,0,ozJaxSYheBxDYQB66iSRHCnJ8kKx63NUEvzatsu1C3F,1,0,
7TidyfwBJm3sMX4Evk1pGjCTMYCXukqvdX4VNuy5PSEs,1,6cSeiixVxBMScbiWrZkEStMhoW1HY6UkrS7jnYErXg7y,1,0,
7VRUiog5gmuCn65Nt3amci9KYrba9AgvFuN3a1SodoMD,0,GX9nfVpdZ9eHpcPTDCCf5zaJr9MoVQNGpAywYMuTtGvU,1,0,
7Wcwj1MVfEqp7zL5djGiFuUkUcGrbK675KN6LoAknzM2,0,C6Khaqshkcnqu1FLMKsLEVVrMskroe6LTup3KETaSvZ2,1,0,
7YPLAjUKFbRLUbdonDc7RQ7c7n4NncyHMh2ZKvRv8f5q,0,2tuHBKkS9w488wpWMwXiE3jkNr3gnPDy2ZrCdga2AqoK,1,0,
7Zom14WJMawcVSXwEJnh9SCG4zR1eTYUCfK39w6FLc4n,0,C6WW9NSWdsyXUnz7vmy9Nm3E2xLxfNHaFrBAZ2rWv7fW,1,0,
7bYVYg2TVoqUxbp1agZqoZrAVsCTzRFTWLozjAyKpump,0,2xw1iNSpsfBnp75y9dfaanVEL8UzqEyTqx9PpS3EdCKh,2,1,1.0
7cxbF8rzYdqfgMxLew37Wv84tJ3RfMoKnoKGcKLEEMs1,1,HCL71vDkMG7CUH5bu7RxS3SnSkxjjHVLHTHY8FC1rHkc,1,0,
7f2sKVusg9eeMhp563VQcHANQs6jCvvBxNzb1Y3VbwuR,1,G2AAWKwosYQodv5pDeK5JDMWCuKvsLFB4Si214XnUngv,1,0,
7fqu2bLPWYjDE6NsosTqn2jwFp8tk3gy1LPj8MB5CNy,1,JNfsg7WKyBG8a9wNQbKX9o8xnWy73u164iGsyJwBmQL,1,0,
7hivRARbcwd6dS4ZgXLm235koLjuKf1RpvzYe6AyFKPD,0,Gfr92X4xKSsHq57j73q7RBBdTLsVqABVPV8praJ6fZ9k,1,0,
7j1iYXRec9ofAFQFRnhnr2BR7rD9uUR1AwXUTCfjM8Rr,1,2cZrirEPrUa1hzrmuSThgTFT3xKiGvHcxhUmhGrwRjPb,1,0,
7m5Mz5PRMAEUGdGrX4aGGcF2Bpy17D5Aye6xD4hy5o78,0,3Z3gF9EYSXLYbj2uon6ddUk38kohatjPy9zyeVGpydhP,1,0,
7nErZV74Y8L7zz1thKUczBniWMnLc74gQMdzbWnhr95e,0,9HEeWLD6acytyvU4xusqacQUU2HUQts868KqrxAp347Z,1,0,
7pHhGohPYmRjKND1qBdSSqoFWNfxoeuaqaa3PVKwAe8x,1,DvJ7eDccSwzjzsNywDtTCgXWyDvVzRZ8vTsqJJZueKkL,1,0,
7qvaWYSZgzx2ingvoLpHPJVDBDKDzRfBtRrFdjzJwLeH,0,DNZFyQgq5SqdAGNgDqJAUa4ezL5PCD3HvoqcZRs5S2i8,1,0,
7s8TnaUZAx3bdKpfD1ckxun1K9vtqRJPb1oMg2rVfeZS,1,8vtsaFKSyuGW99BSUeForsezMMzrGdpqCy8JdtZY2KuE,1,0,
7tsFrXk2KkY31HLu6UCuVS1R2n5xACikP541yFfKy3Kn,0,ByDEk3qHQX1tNmHYapSwpf223FwRxvBELTiPQzhPCSaV,7,6,1.0
7vb7Tm9MkRr2kVGH9EqZXsuKvzgYXXRgKbdH2VCjzriH,0,F6id9mTowm8g7FH3PY6HRFe6u5yXsSJDj3Zt3xj36TJ5,1,0,
7xBkaSXj9gneJhvjmjwUCjFBPUXRuQR1KxobLs7GhvEd,0,Dark9Yk7HmcNSM6ZoNYq8S1ssofuTeBYfxkhAB7zuY5r,1,0,
7yVhmBg3dnvV9P5zT2y1XeYSCmFdHEAdCwDG4HaKaezB,1,DkYimHf9RKR5CiaGjbZYpBBPdGexTCCW8H3R97G3YMq8,1,0,
7ziY138J4Ujqh3Gw5SzHCqr92jRrorQwnsyGTSchnVnT,0,E5EnuGvgcMxFy8XE3CcAV891JwSYC4834NDFju2JbmbA,1,0,
82Sx6VKUrLUGUvEL8ymSaTZHRyEmGSfw1N6qNtUGefPa,1,Dhk9mWa2szKnaWfhTGhyr21PMG9VtyweYYbxe2cv83K6,1,0,
8465iACTghSR2aEweXS2i4idgCrHmFTVen2kcmfPpump,0,BooMLDtECptKQNtR2ZRi1ADE8aiXhFwJ1h2cvgiUsHoh,1,0,
85P7Q2H2hJnBdga5rzr3HZMUY3az83tavWheR3u2WUmx,1,EHkQFwj1yNa3Zvu6RWwtczX1HY8jkCR5acnVZ8EEPzHo,1,0,
874mHtP579VYPxjthdrVU286Qk9fDPaZkw6KPnpZqPJf,0,F2ABsg5J6Jp8wtJVd4bUDAPUigKyf9VzNcRyABUAWXZV,1,0,
88JTNBJqpyqdJNVHhnEdB4k2qXSzWKCj2dXqPgrTtiee,1,ErpWnCsbPkH8uLmMqVf7NRwqR8MERpRw2ouRMRLynRNm,1,0,
8A2a91yjUvx2avHRMruQtsrLiTX6WuNeVyTXuW3Gpump,1,FUqsGmRDUbWAjRBudwwYc1XSAiCNt96wNs6c2J5TUJjg,100,99,1.0
8BRKEC28uzJmdJuPjud2VC9GXL8RznJvxPake9kHESkK,1,8KQRXs6Mnzc2D1c5sdU8fb9Y33UxkkQDnUjZiWNh1ptC,1,0,
8D1nUMJQam54o34Kj2knFhSTaWoehEr4mBc7LfiDdCqq,0,DvJsd51yG2guQTAU6J6pvXVfFfXLrqkGihi2ERJjt36r,1,0,
8EGJCUjP5okhSgGEzyhaCz9TwarUAu3kNsidek2ZMutN,1,2ctnxLGLVtL5BsZvmwjyPjKy4S924iYGhWn8jKp43we3,1,0,
8GBi3n36RDVbQsrbA6Kbr7wz6nNBy7gF9VdZYRWpxcft,1,B7UvzzAyp3mVP5hA1zpK14f5UZBS6pZqgMmFWQ9RV5oW,1,0,
8H4eH19o9yYWCGFQLe37fQhn9Jkb5TUVw8bwW9cmHNfu,0,DDmSjRaLAmbDkmhVbfz8fgh9hoHNiLrmZeW4kDKAg4Ap,7,6,1.0
8JXFn8cpsQ34z554s2DH6sHXpGRKboehdtsoxWxHSg1R,0,7MqZDPfybAkZAcctJ7amw3DmdhDuowC87KvpSapXVTAU,1,0,
8Km7NcxU1avYSqwCaEHHHAbYMitLAzcv3r753h43huAN,1,2vAH2op1WzbBb7384XRrx7GCNQmnKQhkaGs5YCBqczuy,4,3,1.0
8Mb5YvVgBP2C2ZGZriURcrdnhJfRQf4CUQmhgczRYPkK,1,G4sySh6ee7e3PcpJ3c15cQ3xpBCTpPpYvTm3M4sGbW2D,1,0,
8PH1XWXyhvFWXWeixSbcWmfHX4uRJHQtcjnwkCgzfTkY,0,A17L7GrosH22PPz4Ux6z6g6LQrTy4eFogf267ErgvBPR,1,0,
8RFGnRWsGtwLKFpZwAysbrZHmrPgRc9fi9qZPYe48cNv,1,DdWexP6ux24tuxfNPNcc4A5zyxmVNQnB8dv8wbEUn4zS,2,1,1.0
8SuMAjoZeLGaaekNHP235Dv4soXsrcseFXefT3A9pump,0,Gj7NnCaXBB3aUy5NWixDTbabNLEWhPphsWVkauCVohVF,1,0,
8UmnueT7hWbbUHQGK8qXyW7wiji32KXeNvyA2j6gAmFy,1,Euojm5w1Aft84Wy4V284upwbrrVnDQEe9zq8mXWyhjCQ,1,0,
8W4TyJPBDpLdDJH2YKT19CcrNMdxg8KMvfvfdYhEyinH,0,Epse6mxKtFD9FDr4E7Fs1QzDAT2US3hUN1ce3vSK3tjo,2,1,1.0
8X97n7UReWqXNnQoNsvUmFEyo9wZHTRP6rWqPqaRn2TR,1,3J1ocZoZNjSSgKZ5r3WkwUdNsEzcoDt6EGEbSAVdgpv6,1,0,
8Yv9Jz4z7BUHP68dz8E8m3tMe6NKgpMUKn8KVqrPA6Fr,0,AuN1J75bHWiPD8ufmQc3LfM8roiPKrvjjjQ1mCQkqrkv,1,0,
8ZwzEW6Rybpa46yVdYczHbQCroDNzLPQqH32Djx3vhVs,1,2vAH2op1WzbBb7384XRrx7GCNQmnKQhkaGs5YCBqczuy,4,3,1.0
8baLivqv3VmB2CW6vAZCZAacbec8zGhfTAN1Lp8K2T9S,0,fuBEE3u9YSijQ6uT5pJaoTUGvW1PF9D28e4dDapoqi9,1,0,
8d7HvgyrxnDJMAgPWz5ossekzYC9zHkRHjPkXeLyQArr,1,HLxcFVw5C8RHarhmgVSHbd85a9go9fJXb3suKqNLEtUr,1,0,
8e2G3tCTvKAosq4BnYbDczboRVhy7xaXwbTSJeXEefJX,0,7bz4h6T4p39ozCnz7vpDmmiFNssyV1d1Hu3TKcDXmSXu,101,100,1.0
8gTaMJJ2x87mjaKffZfJNAfFoU5haH9aBMLs7c8ZovF5,0,6Dr2T8NbE12vVP7YmzU14ZaqgwLzp8qrYuiVCw34UQLb,1,0,
8iBXHNpN3kZphnVevHS2hz4WurEp841UJ2QP8MZSDzhN,1,7ybJE1161TWperqrPr7AjwtRihxTXXWDWS6hx6x95j4S,1,0,
8jeiV9KiMbsG5xG5oGAWJe2JPntfQC7nCz3wLJjQpump,0,7ioVusDVFegbiRpkKUGJ9FXd3937VihiG6HDFp3ZiZ9A,1,0,
8kxnXU1ZDXKpfvEbPaae32DFfQKMhT4xNDLA65tyoWMk,0,72gNcWcvm68stL99Dtd8F7qm2wWYBuAzk4QooUCrzK6z,3,2,1.0
8nYkSPhu3PREFamMK2kcxnCEnpLQL2rL1oAFfkpGuSEq,1,DGE1XE154o4zEmfEu3XcbVvjY4B51vZT1A4vs8fZWcah,1,0,
8obD69qDVrxVBCydT4BJTob7HrweKsKc7zZCnsLn9yaf,0,G8T5w5XBZVcJMz93sLxCtQEAKKa6C3CLVsnAYKq7yVJS,2,1,1.0
8qYH37jFCVbGSjQPdMsf8TDwp1JHTjU1McA8GoCCpump,0,2jxcNUWeAeuXQDSyaKNqPkqiq2N28w6pazmt66V9uwSb,1,0,
8rTgAShsiFwQyKyWmgXCkVxSpAjrdSWHdGaGZZiAHDxf,0,38ZvWjZgqdSYjomVzAfUhgwjjWWjceP56u6aqMhFyp5L,1,0,
8tMeDLYMZ5YLtouCLCdHGQexpiT8tzuQZYxJeFj5H8Cv,1,BTC6dCjaEpoq9eLWBYEXJLvcbvP9oA1bJb6hF3NtunM2,1,0,
8uZJwYW9gwJY3DL31LURrakx8TVSxyVrgXhBPueACCbf,0,9QjTzDzy3CGjiV5qsvNiSE44jZswathpMCZscKrDwL2t,1,0,
8wFd1dcmH3oJxWrBHG8aaFL5TFXT93AbXoeHkGMr1Kbz,1,FDTSGJeBhsShpLAT384JP9HjfPG8fWyEbTzdcAvgUmZM,1,0,
8x5qGLrpFFpDYNsLHQJ6Q9LC3ZTGQ2uG6Aps9qYLFnj6,1,A9Gx6E6Vw7FuGntkk1Kwwosvanam1Vz9kmY7btRuuDnB,1,0,
8ycCtaGR6K4rKzh21XKdK3caee22vqUB5Q1Hm714FHY3,1,2Z9eW3nwa2GZUM1JzXdfBK1MN57RPA2PrhuTREEZ31VY,101,100,1.0
91TvTGezE1YtEBeKWht7LSkQXfrWdhFkNyhwxSAGFcUs,0,5LFGm25mwfnQrL4ZT2u98PzY54LTYS5bMw5FrHWHTEUT,1,0,
92obneiUDwW2d6gmWU8xxf5MKrYm7ZaE4wYwdQXgpump,0,7SSqkDjSVbtUwMmL4JtfsYreyi16jWDDfwioiafey2vr,35,34,1.0
94AprF1RqGRb6nyqv2mGUcagaUggbhqcCwHHRS58fKhR,1,13oSUdfvtC28VedRrxuHArWUu6Js26BqSw8zw7d3Gobq,1,0,
95KN8q3qubEVjPf9trgyur2nHx8T5RCmztRbLuQ5E5i,0,5xdXdAA2JUWWbmYGwZ9o95RihzQnGKGjjYiqfEcGZFwY,1,0,
97hQg5CzjiYTENfrKN1nvVqAy4nuhZPkqwcCHk2Q6E7M,1,w9hVhPwfzjix7ybUBEDwKMNT35mvZAMLTv5xCF5hRfN,1,0,
98tH2cDKzTnWS77oJS697sHhjU1oz1ny18W9BWPYT3wp,1,smt2qMoPxtJPa42BDwYH1yuugYuHri6wbhCjm25VeRo,36,35,1.0
9AfQnCVECMNZqnY5sA2oamLvzVMqDv5oT34FGjMCM1zZ,1,7442CgN2cK536vLUjikAActFWBbcPqg5rRenDwu4BULx,1,0,
9Bh7uCLVVWNK8akjY2SuqiM3mhc9KuLQPzCdSfKojPed,0,5PiQ29H8XfdYkNNrKFsii6CGCdHHaLLNF1mEDgDLDudG,1,0,
9DnBW1XMWRpeFNzXuamzcGnZtLaL2pvUgMU1AiryS6Zp,1,GVPQDMeGVcfgp6hwt4SPDHy4tHky3eerBueBNnMxwrEY,1,0,
9FJKN5RNCrpc8o41GWfCVn7UzJciCtFFrUa62g66u5pp,0,6Ng6MvgizAH7gVRZDUDoXHZ5LpN6cCQ7s5hxN9wc8DQj,1,0,
9H5bSR9kaUiXJ9HqzmU5gwPuDXvQMPmnmyeZxEStVDSq,0,AsqngnKXohKVAxmUD8rbEzbTiWbfM46f4DwdNB1s6r2y,1,0,
9JK2GjUZzC2a8b6Pf8PSycRbLMjC2685EX5LMxE8fzu9,1,AXFraS8JF1jfonqgTLu1uZq6u5DiGUhpvZzbevkr1P5y,1,0,
9LNfyi3LaECsz144TFmmGWqiMJ2DgujDuc9NXYD9uxdv,0,CCBvjFkJSDAEDZ93RNpmFyD98wqPRsaHPgNNqFUgwjzc,1,0,
9MmsSe3yXVtTYgtGxTbUv7AkzwpNQcNXa1RHCt61V7xH,1,9TxwA8MUaq8XMpQbfs9wCVfSKavcwZ6FFVqVeroETq4g,1,0,
9NvCToGgKYvuD8ajaUBiMWVn2MC4dexXCbNijvVBrDwm,1,2bJqhHzkoF2MQGR4ZjCYYsbBi9d6rhnGJajhkWPPXpJG,1,0,
9R1MdpXqcCn3H9RMqfzkZfAjZNGnBXrE4Lik3uYENwF7,1,6vnGk4spzGGiT5qVQnUmmj2Veot8bqLFxeHK5eipB4xF,1,0,
9SjV6FgdVwZzy9QXw7xrHNrA6C8ALDVWe6q5HhSVpump,0,NjordRPSzFs8XQUKMjGrhPcmGo9yfC9HP3VHmh8xZpZ,2,1,1.0
9TgbXPZqBoXum2Dqbm8DGh3M5MT9x5dHNsso1v8sEgWH,1,7HNL2GmyVHZwvbNXfgQAw58p768B1g2EQzxYhVSvGa8e,1,0,
9W2f1XcQrMqcDpfzXL9kjBtjNwCkpFq27X7eqtBynieS,0,5FmuCwY57SK4nyGfYG9zMLtMyqJFy8YXhaUWtZwtAonT,1,0,
9X6rs97wL5iiyzo6sMgSdU7HKjn3X2J1HX5jrzyKWNUo,1,2ApKiJxZDCtgRktvPzm47pVjab4AotRefgHWftrbZkaV,1,0,
9Z7sMghoenq1mQcnc2uTMPMY6aipzXvJ4SMLXvZ1kLB4,1,J9sgK1CWLXC6nPPU9QMQ3tvFgfmSKYfUS4HoV4WjwMru,1,0,
9aUNntPPmkwBDUwGvBP4MZxMezQK9tiondm2VKCxpump,0,B49DbQYHhTYfgBQV7vuRjRtXR6UNZRbvaCJFgZcfQQjz,1,0,
9c1xHfavkqNZXJpo6fU5jcjHKFjfBLCFCjrvZ4SVoqqw,1,FreyaXYaCwVy86BdNECd7BXnqEvFUbt3p6d2B5eS5zDv,2,1,1.0
9dV5wyv4U9MHtz8r28JNmkVimrE7mAGDiddyK9e3pump,0,EhVi3gdPuuYELBN8ZbBrVnLRFg83QKRMEsqesMEscUuC,1,0,
9f7JTzFSodi5foyBVcrv77srVrFVWwQQkhHd7dug7zaV,0,GjYXAgdrWpWiUYwbQvaKrxn5DzFJQpzQuu144x3mHGmb,29,28,1.0
9h5Z5BvYG3XXBLTQEjbRtMnhiaCQu6C9MTog7y784Ms2,1,3mfsmy7t6vJ2UhzBmR7rQAh5VTvRjkZx8NT3mH29MPEi,16,15,1.0
9ihuaebHjvKwpWHXcnQoYjvxA4qHX1fy2SuYyCZ7Rokh,0,Eze2CF2YrxKoo39B5ivC7AUoRZQiWL7rxAeAyCxX6dio,1,0,
9kRJcgnjo64sbNSTNd91Y3eAnb7zutN8RDjKXMXQFFLW,1,8MTHwW1HwJmmt1gHUKHNcAB7TYMHnX3FN9WrXGrYnNx9,1,0,
9mV4WUukVsva5wYcYW4veo34CNDiF44sh3Ji65JNdvh5,0,GhWuLNaGGTgMTYWYYyGj8gYAb9AxJTP88cb94cMzdjbv,1,0,
9o2cZ5ojwdkrToHmkV9vLQKUP316YYH2jJUs71X4s8ur,0,5VyHzSChGyA1CaoJbooaSn2zkX2cWEFgsvKdq6xM7vGs,1,0,
9qDzfUTi88EJKJcUCqtQFASzCnp4aefCoe1YEfox7YAy,0,dXy2NzAhxszcYy9UjPEX8JabLrAQPMe5AhFJiMZjedc,1,0,
9rLGTvxXEhhdyZtJA34pFV21oZhsi3MRho9hv54vpump,0,4mimDE3GmqJNJk8rvfqES5uNpjLvZdmZK4mfTsH9iQKz,1,0,
9tQhCmFtCh56qqf9szLQ8dNjYcd4TTv6MWPpw6MqLubu,1,9oKXR4zzmKzW9hM4gkxSmzd1KEyBxHrrATRk5poZdyH1,1,0,
9uhHjyfc5tKdaZnjstLLKoLGcF889ub8zX9wtwhtzgK6,0,Aj7kn5QyQExgQ34cbY3jWqxTQ76mU5QnNgf5cqHDjf3u,1,0,
9wHmboZmhb2BRx9WvPkpiTdpJhgBypje5MvaKhagkiHc,1,DdqX6barNo9eWp5beeGqn4aZrffcujYh2onmJzckBqPq,1,0,
9xrwsNS9u6sAZnWDtJuihJcLCBSgoNzQzjnxAcb5rcwR,1,9JRbXKJkHJmA2o2fzsWUHxB3XJhWNfZhE9WQWN9XE1eG,2,1,1.0
9yxvzGqBdJShaEjFfvGffJ2wfKL4rBFtgVZKyacE7F5e,1,GDXpf3GQkVfamJD3pxdZ3m8222p2CQUVR7S5PBv1UXUH,1,0,
A2D3bJMrar7HdCjKbSDfMNEfBCSTAj5CRfML9kpUchBt,1,93AU9hu29dww7BF6Br8AM7j9EQzGuNvRuTevw3xfibA9,1,0,
A3oxjeMiPgLNwb7CjzMFGRJTXVehPRvf1sWE1ysff73m,0,3UUVeoJYRsYM6mLK3euCPVPUvATEEubmWe52k3z3f55s,1,0,
A5FzPP6smgHkHDhkRbTqzZpEDYhpbhhhJ68NqZAbZCEX,1,burnEHDsCon2dBucqcynWDVngiRVpSjfJXRiVkELqmP,1,0,
A7ACprtKfosYoh3zUzzLDDD6V1AsYJUdg2Eyt8nJCgaY,0,E9i7xbxWGZaQqcepqVZYMrB5K3yotzJW6YjLHLTHLRZ7,1,0,
A8TkqHS9oUzuq1WYCHE4bcLxxtKD9TQJhe55onXXwb18,0,M7iZB6Wt9FHMbzokf4bC35KxeYsi3UP1inLkdR9qDPF,1,0,
A9hrvq7b47FXPH6q93Gb8ftmYHFBTAXS5FRtwx8htfzs,1,CVZLkcTFoqmwzBCjHDYGS2MpkuiRGYiEXtkXgkQrvaV6,1,0,
AB1e1rTGF8xSoYzXEwNWohuMHLCMrBoaSxT6AARmQksd,0,EccxYg7rViwYfn9EMoNu7sUaV82QGyFt6ewiQaH1GYjv,2,1,1.0
ACkoRLsS5erUxfCG9H63y4x5C2K3F1uK33LwukSoW4Fh,1,8YNJyHFyn2MDMVehw7YQwUweh4V5uGuTxA88Lo79GpKv,1,0,
ADhTSZTVRWZkVLfZaooCpLHh2CiV5xL8unvd4ASVUj11,0,Ax2EKEgtZJTi4rXj6BgiUDEYGnWhjtwpPuaiyBGDES1Z,1,0,
AFpLYTKtYqeqTtMrojfzuUSsGQtiXwioaedGpDHHsGFd,1,GinYPgGwWnXeLE9SVxuNAjW9brwMeNsZYkhCXtY3WPiZ,1,0,
AGsPo9SigH9wBa3ewsJGcFFuSunrn5fwtxY87YHm29Az,1,6WZy5o7Vcig8k9MMdBHWGrxHQjKXkVMGdAryKpJfTdgw,1,0,
AJczhLzrJn2mKV8Exkyz1L6pPGAEMmeY5KB7Tbf2pump,0,5sdRVpqdDmVS4uvGh4T3cJPxZX1vBmTBiAyu81ou2nJY,1,0,
AL2wK47yJTRm7hyfPodbg1innvj1aBYXrqUhYPd4LkhU,1,urbanizy9Jse2q9mDYW55Cc6P1P6zG7JCj2cut1BwMS,1,0,
AMB4JC5Q28JvuQmZJkhWUuWQnhbKRxDcDRPrE1YmRSjX,0,9f1aqwtDExYTQpyVmHGs2tNET25GvL5ZZnNHyav5dxuB,1,0,
ANmvRReZLAcsdvGQNJQL1CJVKdzjuF44MUaYoejDD8ER,0,4zxSnob41P5UphXJoJodRyxMJ9HgdCGetAfPEm8AdB8Q,1,0,
APoM2sXUzdRHTkUjXSsdUheX1wPPdP4HFLotmtRNMU8P,0,FbfopR5xC5oDyyvCSrQbSMybbWBxVYg7kBvLXibxzYgc,1,0,
ARf9cohfgSVr4mCfUjP3nBmFMQvvoeRtFaexwMq763WK,1,F7kqSVwb7tEYvnUr5WftaJ8uuLGxZWeBETmrxgh8tos9,1,0,
ASsRyHS6h1hY74H5Mm1x2RRoxoNQqu1sNpXgYDvCnPCL,1,9eN6J3h2L6mW51qEQLrs5qRAf5y2f2XuFhrjT5naZa19,1,0,
AUZSdBvWsWda1BdtvMZH38e92FMuomqfDZWFUyZoixk4,1,XoNqTTV97vX3ruVAkGTD7puoTPNB9E66K42ATM4NYtf,1,0,
AWXtRFNu2FnuuqGWFUpbkXUa75NTMGcHCsXacrB9yhdq,0,2GyzGmUVFHFNCXUvP1rUHrxcsP9tqibrzFYTgELJfyHY,1,0,
AY172Up96H27W49a11xULyqnBjvJRrvw4aReUJu3pump,0,7HvuZRnUvNbgedvAvDiEwYVeK1RPBStxeaF2UKLgxVpg,1,0,
AZgZ14kSR69Qq5S5eQBzrETFcqAg8HR2pgeJmTb8Mq4L,1,HqSr61Szv2GUwVCgMCLET98kqAGcez3UyosFmPh3fDN3,1,0,
Aap9dQYcoTfq1Q6CsjL7UehdY4vAk2FMfo6VqwpmbdAS,1,9XoXLwfb39eyw2czW9RBU3HkbrKMczTDe9zVLBLkKihw,1,0,
Acg7KdALxwHZHwJNQiA48TadcgpKQnh66pWDxFgKpump,0,FxnE7hpyS4JbdrvFKRCZzwkS5WiEdAdsoG3YBXeL56WS,2,1,1.0
AdzsLtr7tsXKPCmEWzeRqhzxWUU9Mf34snoLrXuEzTT,1,6Ng6MvgizAH7gVRZDUDoXHZ5LpN6cCQ7s5hxN9wc8DQj,1,0,
Aey56r5iPpMqtVaYcN6dU9Gw4Z2sTwNera7HPCygzvmK,1,DQ4zdFTXPC1CihwhFZ3xZBzuqbwitoSCfhQQgjuiueRy,1,0,
AgbUVqwXp5NeqTuRKRsDU13KsejTqbSnXrBu6fqCUY7e,0,C5UEc3UCcwnjEjNqmFz9YGFmA6z5BYr3XFcQM9sKwcs8,1,0,
AiBJMLUEGgQvyYBkBEvJSF28XtYBSGBGrCfMRjheqCbE,1,5WDNBngivtPMsAwvU3nPYrWoocdtzuwv7P5NhzeSCWeb,1,0,
Ajxa6NXrRTJYiNTRmQYx3pzPGPBdVKnGiWeiUEg6pGPF,1,2R8yvG74P5s992Q1b1hrSCiYtzoTKJRXNJoVBEiwRDQA,1,0,
AmgUMQeqW8H74trc8UkKjzZWtxBdpS496wh4GLy2mCpo,0,A7FMMgue4aZmPLLoutVtbC7gJcyqkHybUieiaDg9aaVE,1,0,
AntsWM42N8R9iHcY6JQc7s34WSUqASYreoa9wcpvXw3L,0,Bp3mbvbjByv1YHh3J8hjMej55kphcWHwvffeSmd7XEDF,1,0,
ApHiYBJ2NiKpwXuNdsbFb2mPKoC8bawZomua7WhkGcFH,1,7xLSHyh47MRw7fEc6SKZvf7pkeowiRSmUNwVvXKy5apR,1,0,
Aqjju8gCv3Uc2XsmF5x92ZarDo3hCnP7EgUeDkv1i7jK,0,72XqkmGp1dcCeMySijy2bv4y9u4fRMsHisNwyc2KdJc6,1,0,
AsuV7WtF5faWTRRnHp3GwdXNi6sECw2ZJrtCEZVwgX1w,1,9q7fAufFwEKF85KG4gaPSoCohhZPLhjWqHJSbo86Usok,1,0,
Au1bNRj5JvhGiLYNy8iYy45B3hJ6esDqhh6jmVp9wdgJ,1,9SZCFsxwnYH637YaJNWZaS4C6KRNtbUawzH4M3MGpHA6,1,0,
AvYNeXhAw3ziysLVLMdEGL4yLYV9R7jd5UnxRqdDWBBn,1,CpR5GvofQDhhWKiWvK1pySvfYMchqHqiPuDEy9qsE3op,1,0,
AweDwsryZJygkDrjYZrq7n1mzPQbFVUi9dfhLLKuaXiJ,0,HZ7YQTkoniMmhv5MZ9S1tVuaMJUTrGnNDPx74zJzrRFM,1,0,
AxxpDbwLtXHU7uD6jFYqqWbpF375fFPKeFM5nYRhdZwX,1,EkNZZ3yYhAorc5f6Xy4kFpztcpamgTVCSYpo8WEDmMhg,1,0,
Az5ux9MCXio6DJRoAhSpXa8ApDjbeEkrQ4EKKd6Caw4B,1,FDkZ1kG4m9kqseszcagUWE5drkYL7dbLEbGE6gKaUUXC,1,0,
B1qnxyR9BoWx8EAekjNw2vF4zTdQgHKanNAb3whVGygi,1,HYV4k4TkM95ei6VfvQVCF394Z5DUFoJXxawTfaHyapUz,1,0,
B3RpjwWDqv8T32nRJwsx6Ld6XWnHDathdh3p968ma1dk,0,B6sUFHMKpszX5o3Kp76NfN4CYrSdZPQVHb7CCVX3Gms9,1,0,
B582oxHHy41ijxaGem3GksSWAVBfr2fJxNKrL7mpC1z1,0,9sobr7cgaVB16HqvSpyPzPcBBpuAaXdkpiWJw767bcUS,1,0,
B6w7YdnB98bp1WyFBZpnU6C4MRVnUAxVHQP9kLdpM4CQ,1,6vhW4FgxHxMFZo55XNeCtHLTGAWj8cczUmatKjMxPhnE,1,0,
B8AmDZRJeHuq8CPciey6jocq9p4ivc4ZurDXPwtqs2Qg,0,4VbTxQLtzUhH4Nm2tvLW4DRUs9aKwEFQA5LvnzCwoide,1,0,
B9UyBRhLFNEm4uHC418kjSdzUBCS6qAZMKvTm5kW92J6,1,7bz4h6T4p39ozCnz7vpDmmiFNssyV1d1Hu3TKcDXmSXu,101,100,1.0
BAnWqQNquMtJCBVgu9xVWkHTmozWzHiLMMjtsco7pump,0,6c3Lx3MMXWzgtoFrEuMAhRdkTkAQZZt7CN1NT4HoMDAz,1,0,
BCeaxm3iJDsQsYWwd8wCcRSkZYryfKoLZoCMrzX8QRvv,1,DzpD3dKwLp64Gxissux3Nv7wLZotm1NiVuGr3yqCcxUC,3,2,1.0
BDwBvvXiqDBoFBWbRUYSoLUFq5cw8ue5cjbMLrnNWthp,1,BV867wUK7NMabwfNgprRPvyfNgim6acW23BvS89JfrCE,1,0,
BF7X548qRxzetMNPeEX3ydBfB47KrUGTwqpWJbUA8GtL,0,4d8BhVGdQsEPrXE43Bv9AkWSHiUYbbXMypFZE9SgyAV2,1,0,
BGeUhYmug1jpgJLDcm7phab3gfc3x5UaCb5iUyXdp6pz,1,5XDsVXiQogznt872fQ3EJYabdigKuXUCZVRbShZBfFsk,1,0,
BJaKkbTMEe7c9QiPwaWymApeWvY3druVLWN9YQyRpump,0,TyrZ6SDVQGdMpnYtAgKGocvi1w1mdffhZENf1knyeqy,2,1,1.0
BL5tH9vk3BAG237DrDAfdqSkyUANgotSJxX1mRrFsZSS,1,5JEN5NyhPgkMj4rLecjGeQ9GuL9pkA2qSYvfLuiHoWRE,2,1,1.0
BM83DZoPqZCyE7msSPHibs5PWWgGgTRasFYVbrZ7H9qz,0,2qVEQAcxhDBoCPvx9pr6G7EyBx1Lc9LXZuSR6vQcyXJo,1,0,
BNojPfwrPSPGupZU9uAxE6wHNcc2ajvbuKBt59YFpump,0,4VNz2txLqQEgZ1rHzySmypVw8w1K5vsKgu6GVXnHggkD,2,1,1.0
BQ77Ebs3Seef7D9KKKrYMwuhDasLS3wVXtPAZXBNJJ3S,1,6kMq5vUoNqxN5hxPc9jgBZsTx3R7JexMw9rxCLEtnYAL,1,0,
BRS9MYL2j5iFUD71GQXcbYvzaCGN26zjiaX79j1gWQyo,0,5wvsBYNzDXDwxtW8A8pYoG8PgksypuQWtFtX6taV9Pet,1,0,
BT4RWjWWdcUUKhWnTecrncg9tRsvjgU436aLtgibxZsD,1,F2nbJ2Lx8WeMPdasLEwQrvZFBSnt6TwG7FQdu9q8PvTw,1,0,
BU54DCPKZMcP5t1Seo28CccpRDJ378kx3j94QrisJBJH,1,C31DtGxRhZmpDj1mXHUN1MkE3zerLc9wVsargAdmjdoE,7,6,1.0
BVoFXcjNSQ8fHGNc2aeS52rLXwag52PHK2aQJsrkpump,0,DrdCYPjXsixUnNofJgvqGnSciN3TpTT5UPfMM6YQCsVc,2,1,1.0
BWjZkjCQ9AMa7ALVBUev9UpPs9qGDg38U8FatNtABkhJ,1,8V3wpQowzt5sYbTuiawxuc2MgB1HckcwMxtTExQZp8Q3,1,0,
BXgH6APKUECKKHKuwPjziqBtKxYUfXaKfGo46c1HkMck,1,ku3HDazgNeJSH7YSo1q1MBJJTdvKh4bathrWH5GMx34,1,0,
BZnTtP85NeCePLoCgC9Rd9pr9fKBjinztWxtdTU6sWRd,0,6n5CvZTUEUWxRrUe76fzbPNZPzENWHMeGkR1kCsFrvpn,1,0,
Bbaj9k5S1Us2RepTMrejjaPYDtLdmqGNZT11puQCpump,0,6LPuoYJ29uUyUdjmDdqqUevuaLmVEqxxGe4HNrwNpS9Z,1,0,
BdHHGtGkHaJiAmpyTr9rDc9snZ8Fom7f66iCWsy8VrJP,1,H2zZwfAwGSwev336YWVZ85UKQfKV7seXfXRSV9toe2Ww,1,0,
BeGY8KqKxboEwRbJd1q9H2K829jS4Rc5dEyNMYXCbV5p,0,5LeVsRKjrpc5ZR4u3SmdQrFDEREb6RXi2gFsfXB2vbsh,1,0,
Bfm4AMT89nJ6ZtU47qBwUoEq5EjUji5iAm1G89gtKtWn,1,Cg2wZ3Bb9Qg3VriEhjhzvZbLM25q2kVsFY9WMs5vKFoG,1,0,
Bh49KYRUjZnGkvwZk1TsMAzu5KTVc5Rt8gBrRjgp3rXy,1,GjYXAgdrWpWiUYwbQvaKrxn5DzFJQpzQuu144x3mHGmb,29,28,1.0
BjAmkT3nMxDebVQbz48NBbtbeZNd92RjT3V1SFGzpump,0,5pM1gZSqtXxJmvLKwRyRWFoAWwCANQcUFxWAbbpxgq43,1,0,
BkGRRtuk8nCe8FAdyD3YAQeGoCBbXTuMuj1gYeRGoZAW,1,Dpfbmm4n8DydWypjHgw3TP1y2VZdDChHBheyHzypCW5S,45,44,1.0
Bn7M1LFkdvePFniXxuwaNaK4yuftGxK4wvXrjrdwscs8,1,AqzPDXy1GBrrGPv8TkTBZuoacordcj6N9Z3oQfFJQLQ7,1,0,
BoTqar9bsJjd1aroqYvAimxW5ADy59VgfBpCFQ47TRet,0,AX7r7ZUFwxKMVKujxV8fkRR1pp8r3XtaFeQ6SH6tebYC,1,0,
Bpa4vovAPdaxvCYCB6yaDzsYG66wE7iXf3rdKtizvmrG,1,BqePEMksY6TbU2LNbHRCn4ViAqBraC1NUmzxqfC3i3dF,1,0,
BqZk8iuTQiAsKPtc6wQeyMCaPSrc6pMgWmDcmNBLpump,0,2mNfvUk3FJFheyVT8JFpFUy1Kd4pcycoQ8jfJeDo5a83,1,0,
BsSNF2523WYyGeSk94YUbdj9qj6yejb1YNdBdpeLkVho,1,8cQWf2xthZTL8SSbEHtZdrE76EdpNDxjjMTdaNuFWEWc,1,0,
BubkbYcmQJhT53Wzp87o2vWwVJHaefpLhoJwEFS2rCq,1,2crsncaFDbUJ6qc1FVmfPvP2tLXgBqoWUD1Rpq7um7zk,1,0,
BvqHcuGMDDuyTfrMLGef9E7UhfEbmBkhxEVnnADwuGJP,0,9sK4yWm3SJhuUAqyjrck8qX89XPeHhkPnrfnc8TR3Vsp,2,1,1.0
BxJ1rwhiiLfWQ9DFfsu8DVUHLkfkW3VH1hnJQP1xDcpq,0,CmPLS7JCioDXqJZUX5o5g7goFFhMH4jysMxyBGterkLw,1,0,
Bybit2vBJGhPF52GBdNaQfUJ6ZpThSgHBobjWZpLPb4B,0,5AgCpBZmNoqmnmKHGSsUc781zVMyjUfhvB2NDPEEJqUA,1,0,
BzvMviYWyXRFWy469qhK649X7b5ZmtNzgDpxbmwmjkxw,0,AwdkMo1P1kEs1vkkPLPEgvzi5VnCfgha5gikKqHUApZb,1,0,
C2mMrapGNKxbeYRkvoSu6njg7QzdqWkRSBh7K3Ktpump,1,6W42HaCh59upM9U1GLq6LjnWfbySU3ALK1dDC6jiW6cK,7,6,1.0
C48bYff1Py1hqBRqhLBbx515GzeVhywBAxH2JvxUwRkR,0,H9DYiSTKJrkPLKfhmAPodLZ5J6hTn4fWcDQTctdL3VVK,1,0,
C5xtJBKm24WTt3JiXrvguv7vHCe7CknDB7PNabp4eYX6,0,BvMe2MnoeYckysHzmiEyY2ZnvAJnnNV8nNHW8nueHfeX,1,0,
C7dagMX4ei96gPksZjcA5FF6T3vczKFeygWRLidnaNSi,1,9cfQCsDvdF4K1bWfQQ9J6J9gmEqVwsKcYqPMdWFfYShP,1,0,
C8w46V4sR4yph3JajsdV75wwpsAoxncrPUfkiJCtTUjM,0,9nNxZ2wWkj46cruV3UA8vTNyJP3arvwDjcdYvAez6BxR,1,0,
CARP9NBf72xkzuWBdFLyeDvdYwFSZDvdPrD31GkpNEgo,1,RUGXrn24kGoRGLPdSHsjLg5pCBmWQtLeHMT3yescrXK,1,0,
CBxbrWxRvASd3NKk31ofWsEixKg96CTSwpha4mLtRBF2,0,6Gsx6ovxMnp4qPgouvAUFTGcwHnwhtYgwCAwCvMe9dka,1,0,
CDA3CFpoJgyu8Zg4UV94G8nXeveGTHaSyquaK34fpump,0,ARSCioN9K9nuwpnVZMqW4nopJFBPbcxByWAy24vvUW9o,3,2,1.0
CEaMvzDPESe3DHMKw7y5kuehqytZzL6qNMCZybyBpump,0,Ezr4HYZ9KP3NMdbSoTmCVRFMhcH43sQQZ3qHWB7EEbET,1,0,
CFtavaLVzux1CQSYbX1SdcuCEQdnkmJQu7sdXoi5aUSp,1,DzRCktik9LPBVsf5BpMZj9cGmG2TBit9Au9VgG8eCGXc,1,0,
CHDV5MEVk9HBARHKdkratwFv1wgF3XuRBGNvoYaVpump,0,3hzAY5NzesfeTkJjZz6ieWNncca6ZQz29n2WoWtNf7Qz,1,0,
CJLNaifHfGyvRd5SpicgDmMHPqgav9MyxPHv4Ykyb5f7,1,CB59k3xQrQuW3RLHnzxfK58QZ8nZDytPStgwuYqZBeKu,1,0,
CL5pEu8RgEm38gFAbtcto8BYXYSyEGiE1E9G78VUpump,0,3aWe5Epr5yQbJTCRrRJYBjjwxUpqgjSwy6qQMX6BKamE,1,0,
CMABnJb9pvUQWxCbsYPGVcyFgF5dDREvYDytnctrpump,0,BK7xhRx7iDfDFZFor41TB1JDSLAUHaTJ6yG7xRPDXV4x,1,0,
CNa9LWFdwTiarq9avGjTAHExuMoo97mhqq4PMPxLUfBz,1,AFfTEnQgyqHLotdQAFXMDRhfKziBvdoE4QZVSvPTsJGC,1,0,
CPrC6YGJ1HF37EwheE5Zz1a2jDsF3H4tQw9rLFDpeqEH,1,BYYJfvThWvf1CQNPqPEJkHjv3g4pN64T3rGvT31m7JYd,1,0,
CR14FvRMRNZkay5esHakzpSVLTXPa7i3SESaFZtih4Lk,0,DrpDJDw23XBRzPrxAogAggyN5tg4XKyT5u2u9Hj8f6jP,1,0,
CSPLytFmMEq2ax53H1gAeeEACTiAQDgoDz8CRHDQFBud,1,GHZuLHwS4w7hqF232H8Qg8k4CAUg7Zvr49VdYw3K6mtc,1,0,
